case,seed,x,g_true,g_learned,in_support
linear,0,0.0,0.0,0.0,False
linear,0,0.009999999776482582,0.009999999776482582,0.002322256565093994,False
linear,0,0.019999999552965164,0.019999999552965164,0.004644513130187988,False
linear,0,0.029999999329447746,0.029999999329447746,0.00696677016094327,False
linear,0,0.03999999910593033,0.03999999910593033,0.009289026260375977,False
linear,0,0.05000000074505806,0.05000000074505806,0.011611283756792545,False
linear,0,0.05999999865889549,0.05999999865889549,0.01393354032188654,False
linear,0,0.07000000029802322,0.07000000029802322,0.016255797818303108,False
linear,0,0.07999999821186066,0.07999999821186066,0.018578052520751953,False
linear,0,0.09000000357627869,0.09000000357627869,0.020900310948491096,False
linear,0,0.10000000149011612,0.10000000149011612,0.02322256751358509,False
linear,0,0.10999999940395355,0.10999999940395355,0.025544824078679085,False
linear,0,0.11999999731779099,0.11999999731779099,0.02786708064377308,False
linear,0,0.12999999523162842,0.12999999523162842,0.030204569920897484,False
linear,0,0.14000000059604645,0.14000000059604645,0.03255729749798775,False
linear,0,0.15000000596046448,0.15000000596046448,0.03491002321243286,False
linear,0,0.1599999964237213,0.1599999964237213,0.03726274520158768,False
linear,0,0.17000000178813934,0.17000000178813934,0.03961547464132309,False
linear,0,0.18000000715255737,0.18000000715255737,0.041968196630477905,False
linear,0,0.1899999976158142,0.1899999976158142,0.04432092234492302,False
linear,0,0.20000000298023224,0.20000000298023224,0.046673648059368134,False
linear,0,0.20999999344348907,0.20999999344348907,0.04902637004852295,False
linear,0,0.2199999988079071,0.2199999988079071,0.05137909948825836,False
linear,0,0.23000000417232513,0.23000000417232513,0.05373182147741318,False
linear,0,0.23999999463558197,0.23999999463558197,0.05608454719185829,True
linear,0,0.25,0.25,0.058437272906303406,True
linear,0,0.25999999046325684,0.25999999046325684,0.07039319723844528,True
linear,0,0.27000001072883606,0.27000001072883606,0.08234915137290955,True
linear,0,0.2800000011920929,0.2800000011920929,0.09430508315563202,True
linear,0,0.28999999165534973,0.28999999165534973,0.1062610000371933,True
linear,0,0.30000001192092896,0.30000001192092896,0.11821696162223816,True
linear,0,0.3100000023841858,0.3100000023841858,0.13017287850379944,True
linear,0,0.3199999928474426,0.3199999928474426,0.14212879538536072,True
linear,0,0.33000001311302185,0.33000001311302185,0.15408477187156677,True
linear,0,0.3400000035762787,0.3400000035762787,0.16604068875312805,True
linear,0,0.3499999940395355,0.3499999940395355,0.17799660563468933,True
linear,0,0.36000001430511475,0.36000001430511475,0.1899525672197342,True
linear,0,0.3700000047683716,0.3700000047683716,0.20190849900245667,True
linear,0,0.3799999952316284,0.3799999952316284,0.22113831341266632,True
linear,0,0.38999998569488525,0.38999998569488525,0.24764201045036316,True
linear,0,0.4000000059604645,0.4000000059604645,0.27414581179618835,True
linear,0,0.4099999964237213,0.4099999964237213,0.3006495237350464,True
linear,0,0.41999998688697815,0.41999998688697815,0.32715320587158203,True
linear,0,0.4300000071525574,0.4300000071525574,0.3536570072174072,True
linear,0,0.4399999976158142,0.4399999976158142,0.38016074895858765,True
linear,0,0.44999998807907104,0.44999998807907104,0.4066644310951233,True
linear,0,0.46000000834465027,0.46000000834465027,0.4331682026386261,True
linear,0,0.4699999988079071,0.4699999988079071,0.45967191457748413,True
linear,0,0.47999998927116394,0.47999998927116394,0.48617565631866455,True
linear,0,0.49000000953674316,0.49000000953674316,0.5126794576644897,True
linear,0,0.5,0.5,0.5391831398010254,True
linear,0,0.5099999904632568,0.5099999904632568,0.5638877153396606,True
linear,0,0.5199999809265137,0.5199999809265137,0.5885923504829407,True
linear,0,0.5299999713897705,0.5299999713897705,0.6132969260215759,True
linear,0,0.5400000214576721,0.5400000214576721,0.6380016803741455,True
linear,0,0.550000011920929,0.550000011920929,0.6627063155174255,True
linear,0,0.5600000023841858,0.5600000023841858,0.6874109506607056,True
linear,0,0.5699999928474426,0.5699999928474426,0.7121155261993408,True
linear,0,0.5799999833106995,0.5799999833106995,0.7368201017379761,True
linear,0,0.5899999737739563,0.5899999737739563,0.7615246772766113,True
linear,0,0.6000000238418579,0.6000000238418579,0.7862294912338257,True
linear,0,0.6100000143051147,0.6100000143051147,0.8109340667724609,True
linear,0,0.6200000047683716,0.6200000047683716,0.835638701915741,True
linear,0,0.6299999952316284,0.6299999952316284,0.8517531156539917,True
linear,0,0.6399999856948853,0.6399999856948853,0.8592774271965027,True
linear,0,0.6499999761581421,0.6499999761581421,0.8668017387390137,True
linear,0,0.6600000262260437,0.6600000262260437,0.8743259906768799,True
linear,0,0.6700000166893005,0.6700000166893005,0.8818503618240356,True
linear,0,0.6800000071525574,0.6800000071525574,0.8893746733665466,True
linear,0,0.6899999976158142,0.6899999976158142,0.8968989253044128,True
linear,0,0.699999988079071,0.699999988079071,0.904423177242279,True
linear,0,0.7099999785423279,0.7099999785423279,0.9119476079940796,True
linear,0,0.7200000286102295,0.7200000286102295,0.9194718599319458,True
linear,0,0.7300000190734863,0.7300000190734863,0.9269962310791016,True
linear,0,0.7400000095367432,0.7400000095367432,0.934520423412323,True
linear,0,0.75,0.75,0.9420447945594788,True
linear,0,0.7599999904632568,0.7599999904632568,0.9443588256835938,True
linear,0,0.7699999809265137,0.7699999809265137,0.9466727375984192,False
linear,0,0.7799999713897705,0.7799999713897705,0.9489867687225342,False
linear,0,0.7900000214576721,0.7900000214576721,0.9513006806373596,False
linear,0,0.800000011920929,0.800000011920929,0.9536145925521851,False
linear,0,0.8100000023841858,0.8100000023841858,0.9559287428855896,False
linear,0,0.8199999928474426,0.8199999928474426,0.958242654800415,False
linear,0,0.8299999833106995,0.8299999833106995,0.9605566263198853,False
linear,0,0.8399999737739563,0.8399999737739563,0.9628705978393555,False
linear,0,0.8500000238418579,0.8500000238418579,0.96518474817276,False
linear,0,0.8600000143051147,0.8600000143051147,0.9674985408782959,False
linear,0,0.8700000047683716,0.8700000047683716,0.9698125720024109,False
linear,0,0.8799999952316284,0.8799999952316284,0.9721307754516602,False
linear,0,0.8899999856948853,0.8899999856948853,0.9744532704353333,False
linear,0,0.8999999761581421,0.8999999761581421,0.9767755270004272,False
linear,0,0.9100000262260437,0.9100000262260437,0.9790979623794556,False
linear,0,0.9200000166893005,0.9200000166893005,0.9814205169677734,False
linear,0,0.9300000071525574,0.9300000071525574,0.983742892742157,False
linear,0,0.9399999976158142,0.9399999976158142,0.9860652685165405,False
linear,0,0.949999988079071,0.949999988079071,0.9883877038955688,False
linear,0,0.9599999785423279,0.9599999785423279,0.9907103180885315,False
linear,0,0.9700000286102295,0.9700000286102295,0.9930326342582703,False
linear,0,0.9800000190734863,0.9800000190734863,0.9953551292419434,False
linear,0,0.9900000095367432,0.9900000095367432,0.9976774454116821,False
linear,0,1.0,1.0,1.0,False
linear,1,0.0,0.0,0.0,False
linear,1,0.009999999776482582,0.009999999776482582,0.0022792129311710596,False
linear,1,0.019999999552965164,0.019999999552965164,0.004558425862342119,False
linear,1,0.029999999329447746,0.029999999329447746,0.0068376390263438225,False
linear,1,0.03999999910593033,0.03999999910593033,0.009116851724684238,False
linear,1,0.05000000074505806,0.05000000074505806,0.011396065354347229,False
linear,1,0.05999999865889549,0.05999999865889549,0.013675278052687645,False
linear,1,0.07000000029802322,0.07000000029802322,0.01595449075102806,False
linear,1,0.07999999821186066,0.07999999821186066,0.018233703449368477,False
linear,1,0.09000000357627869,0.09000000357627869,0.020512918010354042,False
linear,1,0.10000000149011612,0.10000000149011612,0.022792130708694458,False
linear,1,0.10999999940395355,0.10999999940395355,0.025071343407034874,False
linear,1,0.11999999731779099,0.11999999731779099,0.02735055610537529,False
linear,1,0.12999999523162842,0.12999999523162842,0.029651379212737083,False
linear,1,0.14000000059604645,0.14000000059604645,0.031973812729120255,False
linear,1,0.15000000596046448,0.15000000596046448,0.03429625183343887,False
linear,1,0.1599999964237213,0.1599999964237213,0.036618683487176895,False
linear,1,0.17000000178813934,0.17000000178813934,0.038941118866205215,False
linear,1,0.18000000715255737,0.18000000715255737,0.041263554245233536,False
linear,1,0.1899999976158142,0.1899999976158142,0.043585989624261856,False
linear,1,0.20000000298023224,0.20000000298023224,0.045908425003290176,False
linear,1,0.20999999344348907,0.20999999344348907,0.0482308566570282,False
linear,1,0.2199999988079071,0.2199999988079071,0.05055329203605652,False
linear,1,0.23000000417232513,0.23000000417232513,0.05287573114037514,False
linear,1,0.23999999463558197,0.23999999463558197,0.05519816279411316,True
linear,1,0.25,0.25,0.05752059817314148,True
linear,1,0.25999999046325684,0.25999999046325684,0.07383450865745544,True
linear,1,0.27000001072883606,0.27000001072883606,0.09014846384525299,True
linear,1,0.2800000011920929,0.2800000011920929,0.10646236687898636,True
linear,1,0.28999999165534973,0.28999999165534973,0.12277627736330032,True
linear,1,0.30000001192092896,0.30000001192092896,0.13909024000167847,True
linear,1,0.3100000023841858,0.3100000023841858,0.15540415048599243,True
linear,1,0.3199999928474426,0.3199999928474426,0.1717180609703064,True
linear,1,0.33000001311302185,0.33000001311302185,0.18803201615810394,True
linear,1,0.3400000035762787,0.3400000035762787,0.2043459117412567,True
linear,1,0.3499999940395355,0.3499999940395355,0.22065982222557068,True
linear,1,0.36000001430511475,0.36000001430511475,0.23697379231452942,True
linear,1,0.3700000047683716,0.3700000047683716,0.2532877027988434,True
linear,1,0.3799999952316284,0.3799999952316284,0.27262794971466064,True
linear,1,0.38999998569488525,0.38999998569488525,0.2949944734573364,True
linear,1,0.4000000059604645,0.4000000059604645,0.31736108660697937,True
linear,1,0.4099999964237213,0.4099999964237213,0.33972764015197754,True
linear,1,0.41999998688697815,0.41999998688697815,0.3620941936969757,True
linear,1,0.4300000071525574,0.4300000071525574,0.38446083664894104,True
linear,1,0.4399999976158142,0.4399999976158142,0.4068273901939392,True
linear,1,0.44999998807907104,0.44999998807907104,0.4291939437389374,True
linear,1,0.46000000834465027,0.46000000834465027,0.45156052708625793,True
linear,1,0.4699999988079071,0.4699999988079071,0.4739271104335785,True
linear,1,0.47999998927116394,0.47999998927116394,0.49629366397857666,True
linear,1,0.49000000953674316,0.49000000953674316,0.5186602473258972,True
linear,1,0.5,0.5,0.5410268306732178,True
linear,1,0.5099999904632568,0.5099999904632568,0.5655907392501831,True
linear,1,0.5199999809265137,0.5199999809265137,0.5901547074317932,True
linear,1,0.5299999713897705,0.5299999713897705,0.6147186756134033,True
linear,1,0.5400000214576721,0.5400000214576721,0.6392828226089478,True
linear,1,0.550000011920929,0.550000011920929,0.6638468503952026,True
linear,1,0.5600000023841858,0.5600000023841858,0.6884106993675232,True
linear,1,0.5699999928474426,0.5699999928474426,0.7129747867584229,True
linear,1,0.5799999833106995,0.5799999833106995,0.7375386357307434,True
linear,1,0.5899999737739563,0.5899999737739563,0.7621026635169983,True
linear,1,0.6000000238418579,0.6000000238418579,0.786666750907898,True
linear,1,0.6100000143051147,0.6100000143051147,0.8112307190895081,True
linear,1,0.6200000047683716,0.6200000047683716,0.8357946872711182,True
linear,1,0.6299999952316284,0.6299999952316284,0.8518299460411072,True
linear,1,0.6399999856948853,0.6399999856948853,0.8593364357948303,True
linear,1,0.6499999761581421,0.6499999761581421,0.8668429851531982,True
linear,1,0.6600000262260437,0.6600000262260437,0.8743494153022766,True
linear,1,0.6700000166893005,0.6700000166893005,0.8818559646606445,True
linear,1,0.6800000071525574,0.6800000071525574,0.8893624544143677,True
linear,1,0.6899999976158142,0.6899999976158142,0.8968690633773804,True
linear,1,0.699999988079071,0.699999988079071,0.9043755531311035,True
linear,1,0.7099999785423279,0.7099999785423279,0.9118819832801819,True
linear,1,0.7200000286102295,0.7200000286102295,0.9193887114524841,True
linear,1,0.7300000190734863,0.7300000190734863,0.9268951416015625,True
linear,1,0.7400000095367432,0.7400000095367432,0.9344016313552856,True
linear,1,0.75,0.75,0.9419081807136536,True
linear,1,0.7599999904632568,0.7599999904632568,0.9442480802536011,True
linear,1,0.7699999809265137,0.7699999809265137,0.9465881586074829,False
linear,1,0.7799999713897705,0.7799999713897705,0.9489280581474304,False
linear,1,0.7900000214576721,0.7900000214576721,0.9512680768966675,False
linear,1,0.800000011920929,0.800000011920929,0.953607976436615,False
linear,1,0.8100000023841858,0.8100000023841858,0.9559479355812073,False
linear,1,0.8199999928474426,0.8199999928474426,0.9582878947257996,False
linear,1,0.8299999833106995,0.8299999833106995,0.9606279134750366,False
linear,1,0.8399999737739563,0.8399999737739563,0.9629678726196289,False
linear,1,0.8500000238418579,0.8500000238418579,0.965307891368866,False
linear,1,0.8600000143051147,0.8600000143051147,0.9676478505134583,False
linear,1,0.8700000047683716,0.8700000047683716,0.9699878096580505,False
linear,1,0.8799999952316284,0.8799999952316284,0.9723116159439087,False
linear,1,0.8899999856948853,0.8899999856948853,0.9746189713478088,False
linear,1,0.8999999761581421,0.8999999761581421,0.9769262075424194,False
linear,1,0.9100000262260437,0.9100000262260437,0.9792337417602539,False
linear,1,0.9200000166893005,0.9200000166893005,0.9815409779548645,False
linear,1,0.9300000071525574,0.9300000071525574,0.9838483333587646,False
linear,1,0.9399999976158142,0.9399999976158142,0.9861556887626648,False
linear,1,0.949999988079071,0.949999988079071,0.9884632229804993,False
linear,1,0.9599999785423279,0.9599999785423279,0.9907704591751099,False
linear,1,0.9700000286102295,0.9700000286102295,0.9930778741836548,False
linear,1,0.9800000190734863,0.9800000190734863,0.9953851103782654,False
linear,1,0.9900000095367432,0.9900000095367432,0.9976925849914551,False
linear,1,1.0,1.0,0.9999998211860657,False
linear,2,0.0,0.0,0.0,False
linear,2,0.009999999776482582,0.009999999776482582,0.009709691628813744,False
linear,2,0.019999999552965164,0.019999999552965164,0.019419383257627487,False
linear,2,0.029999999329447746,0.029999999329447746,0.02912907488644123,False
linear,2,0.03999999910593033,0.03999999910593033,0.038838766515254974,False
linear,2,0.05000000074505806,0.05000000074505806,0.04854846000671387,False
linear,2,0.05999999865889549,0.05999999865889549,0.05825814977288246,False
linear,2,0.07000000029802322,0.07000000029802322,0.06796784698963165,False
linear,2,0.07999999821186066,0.07999999821186066,0.07767753303050995,False
linear,2,0.09000000357627869,0.09000000357627869,0.08738723397254944,False
linear,2,0.10000000149011612,0.10000000149011612,0.09709692001342773,False
linear,2,0.10999999940395355,0.10999999940395355,0.10680661350488663,False
linear,2,0.11999999731779099,0.11999999731779099,0.11651629954576492,False
linear,2,0.12999999523162842,0.12999999523162842,0.1262260228395462,False
linear,2,0.14000000059604645,0.14000000059604645,0.13593576848506927,False
linear,2,0.15000000596046448,0.15000000596046448,0.14564549922943115,False
linear,2,0.1599999964237213,0.1599999964237213,0.15535522997379303,False
linear,2,0.17000000178813934,0.17000000178813934,0.1650649905204773,False
linear,2,0.18000000715255737,0.18000000715255737,0.17477473616600037,False
linear,2,0.1899999976158142,0.1899999976158142,0.18448445200920105,False
linear,2,0.20000000298023224,0.20000000298023224,0.19419421255588531,False
linear,2,0.20999999344348907,0.20999999344348907,0.2039039433002472,False
linear,2,0.2199999988079071,0.2199999988079071,0.21361368894577026,False
linear,2,0.23000000417232513,0.23000000417232513,0.22332341969013214,False
linear,2,0.23999999463558197,0.23999999463558197,0.2330331653356552,True
linear,2,0.25,0.25,0.24274291098117828,True
linear,2,0.25999999046325684,0.25999999046325684,0.25303319096565247,True
linear,2,0.27000001072883606,0.27000001072883606,0.26332351565361023,True
linear,2,0.2800000011920929,0.2800000011920929,0.2736137807369232,True
linear,2,0.28999999165534973,0.28999999165534973,0.2839040756225586,True
linear,2,0.30000001192092896,0.30000001192092896,0.29419437050819397,True
linear,2,0.3100000023841858,0.3100000023841858,0.30448463559150696,True
linear,2,0.3199999928474426,0.3199999928474426,0.31477490067481995,True
linear,2,0.33000001311302185,0.33000001311302185,0.3250652253627777,True
linear,2,0.3400000035762787,0.3400000035762787,0.3353554904460907,True
linear,2,0.3499999940395355,0.3499999940395355,0.3456457853317261,True
linear,2,0.36000001430511475,0.36000001430511475,0.35593611001968384,True
linear,2,0.3700000047683716,0.3700000047683716,0.3662263751029968,True
linear,2,0.3799999952316284,0.3799999952316284,0.37651655077934265,True
linear,2,0.38999998569488525,0.38999998569488525,0.3868066072463989,True
linear,2,0.4000000059604645,0.4000000059604645,0.39709675312042236,True
linear,2,0.4099999964237213,0.4099999964237213,0.4073868691921234,True
linear,2,0.41999998688697815,0.41999998688697815,0.4176769256591797,True
linear,2,0.4300000071525574,0.4300000071525574,0.4279670715332031,True
linear,2,0.4399999976158142,0.4399999976158142,0.4382571578025818,True
linear,2,0.44999998807907104,0.44999998807907104,0.44854721426963806,True
linear,2,0.46000000834465027,0.46000000834465027,0.4588373303413391,True
linear,2,0.4699999988079071,0.4699999988079071,0.46912744641304016,True
linear,2,0.47999998927116394,0.47999998927116394,0.47941750288009644,True
linear,2,0.49000000953674316,0.49000000953674316,0.4897076487541199,True
linear,2,0.5,0.5,0.49999773502349854,True
linear,2,0.5099999904632568,0.5099999904632568,0.5102878212928772,True
linear,2,0.5199999809265137,0.5199999809265137,0.5205779671669006,True
linear,2,0.5299999713897705,0.5299999713897705,0.5308680534362793,True
linear,2,0.5400000214576721,0.5400000214576721,0.5411583185195923,True
linear,2,0.550000011920929,0.550000011920929,0.5514483451843262,True
linear,2,0.5600000023841858,0.5600000023841858,0.5617385506629944,True
linear,2,0.5699999928474426,0.5699999928474426,0.5720285773277283,True
linear,2,0.5799999833106995,0.5799999833106995,0.5823187828063965,True
linear,2,0.5899999737739563,0.5899999737739563,0.5926088690757751,True
linear,2,0.6000000238418579,0.6000000238418579,0.6028990149497986,True
linear,2,0.6100000143051147,0.6100000143051147,0.613189160823822,True
linear,2,0.6200000047683716,0.6200000047683716,0.6234793066978455,True
linear,2,0.6299999952316284,0.6299999952316284,0.6337695717811584,True
linear,2,0.6399999856948853,0.6399999856948853,0.6440601944923401,True
linear,2,0.6499999761581421,0.6499999761581421,0.6543508172035217,True
linear,2,0.6600000262260437,0.6600000262260437,0.6646414399147034,True
linear,2,0.6700000166893005,0.6700000166893005,0.6749320030212402,True
linear,2,0.6800000071525574,0.6800000071525574,0.6852226853370667,True
linear,2,0.6899999976158142,0.6899999976158142,0.695513129234314,True
linear,2,0.699999988079071,0.699999988079071,0.7058038115501404,True
linear,2,0.7099999785423279,0.7099999785423279,0.7160943150520325,True
linear,2,0.7200000286102295,0.7200000286102295,0.7263850569725037,True
linear,2,0.7300000190734863,0.7300000190734863,0.7366756200790405,True
linear,2,0.7400000095367432,0.7400000095367432,0.7469662427902222,True
linear,2,0.75,0.75,0.757256805896759,True
linear,2,0.7599999904632568,0.7599999904632568,0.7669665217399597,True
linear,2,0.7699999809265137,0.7699999809265137,0.77667635679245,False
linear,2,0.7799999713897705,0.7799999713897705,0.7863860726356506,False
linear,2,0.7900000214576721,0.7900000214576721,0.7960959672927856,False
linear,2,0.800000011920929,0.800000011920929,0.8058056235313416,False
linear,2,0.8100000023841858,0.8100000023841858,0.8155155181884766,False
linear,2,0.8199999928474426,0.8199999928474426,0.8252251148223877,False
linear,2,0.8299999833106995,0.8299999833106995,0.8349349498748779,False
linear,2,0.8399999737739563,0.8399999737739563,0.8446447253227234,False
linear,2,0.8500000238418579,0.8500000238418579,0.8543545007705688,False
linear,2,0.8600000143051147,0.8600000143051147,0.8640642762184143,False
linear,2,0.8700000047683716,0.8700000047683716,0.8737740516662598,False
linear,2,0.8799999952316284,0.8799999952316284,0.8834837079048157,False
linear,2,0.8899999856948853,0.8899999856948853,0.8931934237480164,False
linear,2,0.8999999761581421,0.8999999761581421,0.902903139591217,False
linear,2,0.9100000262260437,0.9100000262260437,0.912612795829773,False
linear,2,0.9200000166893005,0.9200000166893005,0.9223225116729736,False
linear,2,0.9300000071525574,0.9300000071525574,0.9320322871208191,False
linear,2,0.9399999976158142,0.9399999976158142,0.9417417645454407,False
linear,2,0.949999988079071,0.949999988079071,0.9514515995979309,False
linear,2,0.9599999785423279,0.9599999785423279,0.9611611366271973,False
linear,2,0.9700000286102295,0.9700000286102295,0.9708709716796875,False
linear,2,0.9800000190734863,0.9800000190734863,0.9805806279182434,False
linear,2,0.9900000095367432,0.9900000095367432,0.9902904629707336,False
linear,2,1.0,1.0,1.0,False
linear,3,0.0,0.0,0.0,False
linear,3,0.009999999776482582,0.009999999776482582,0.0021993995178490877,False
linear,3,0.019999999552965164,0.019999999552965164,0.004398799035698175,False
linear,3,0.029999999329447746,0.029999999329447746,0.0065981983207166195,False
linear,3,0.03999999910593033,0.03999999910593033,0.00879759807139635,False
linear,3,0.05000000074505806,0.05000000074505806,0.010996997356414795,False
linear,3,0.05999999865889549,0.05999999865889549,0.013196396641433239,False
linear,3,0.07000000029802322,0.07000000029802322,0.015395795926451683,False
linear,3,0.07999999821186066,0.07999999821186066,0.0175951961427927,False
linear,3,0.09000000357627869,0.09000000357627869,0.01979459635913372,False
linear,3,0.10000000149011612,0.10000000149011612,0.02199399471282959,False
linear,3,0.10999999940395355,0.10999999940395355,0.02419339492917061,False
linear,3,0.11999999731779099,0.11999999731779099,0.026392793282866478,False
linear,3,0.12999999523162842,0.12999999523162842,0.028614670038223267,False
linear,3,0.14000000059604645,0.14000000059604645,0.030859028920531273,False
linear,3,0.15000000596046448,0.15000000596046448,0.03310338780283928,False
linear,3,0.1599999964237213,0.1599999964237213,0.035347744822502136,False
linear,3,0.17000000178813934,0.17000000178813934,0.03759210556745529,False
linear,3,0.18000000715255737,0.18000000715255737,0.03983646258711815,False
linear,3,0.1899999976158142,0.1899999976158142,0.042080819606781006,False
linear,3,0.20000000298023224,0.20000000298023224,0.04432517662644386,False
linear,3,0.20999999344348907,0.20999999344348907,0.04656952992081642,False
linear,3,0.2199999988079071,0.2199999988079071,0.048813894391059875,False
linear,3,0.23000000417232513,0.23000000417232513,0.05105825141072273,False
linear,3,0.23999999463558197,0.23999999463558197,0.05330260843038559,True
linear,3,0.25,0.25,0.05554696545004845,True
linear,3,0.25999999046325684,0.25999999046325684,0.0718899816274643,True
linear,3,0.27000001072883606,0.27000001072883606,0.08823305368423462,True
linear,3,0.2800000011920929,0.2800000011920929,0.10457606613636017,True
linear,3,0.28999999165534973,0.28999999165534973,0.12091909348964691,True
linear,3,0.30000001192092896,0.30000001192092896,0.13726216554641724,True
linear,3,0.3100000023841858,0.3100000023841858,0.15360517799854279,True
linear,3,0.3199999928474426,0.3199999928474426,0.16994820535182953,True
linear,3,0.33000001311302185,0.33000001311302185,0.18629127740859985,True
linear,3,0.3400000035762787,0.3400000035762787,0.2026342749595642,True
linear,3,0.3499999940395355,0.3499999940395355,0.21897731721401215,True
linear,3,0.36000001430511475,0.36000001430511475,0.23532038927078247,True
linear,3,0.3700000047683716,0.3700000047683716,0.2516633868217468,True
linear,3,0.3799999952316284,0.3799999952316284,0.2709568738937378,True
linear,3,0.38999998569488525,0.38999998569488525,0.293200820684433,True
linear,3,0.4000000059604645,0.4000000059604645,0.31544482707977295,True
linear,3,0.4099999964237213,0.4099999964237213,0.3376888036727905,True
linear,3,0.41999998688697815,0.41999998688697815,0.3599327504634857,True
linear,3,0.4300000071525574,0.4300000071525574,0.3821767568588257,True
linear,3,0.4399999976158142,0.4399999976158142,0.4044207036495209,True
linear,3,0.44999998807907104,0.44999998807907104,0.42666465044021606,True
linear,3,0.46000000834465027,0.46000000834465027,0.44890865683555603,True
linear,3,0.4699999988079071,0.4699999988079071,0.4711526036262512,True
linear,3,0.47999998927116394,0.47999998927116394,0.4933965504169464,True
linear,3,0.49000000953674316,0.49000000953674316,0.5156405568122864,True
linear,3,0.5,0.5,0.5378844738006592,True
linear,3,0.5099999904632568,0.5099999904632568,0.559386670589447,True
linear,3,0.5199999809265137,0.5199999809265137,0.5808887481689453,True
linear,3,0.5299999713897705,0.5299999713897705,0.6023908853530884,True
linear,3,0.5400000214576721,0.5400000214576721,0.623893141746521,True
linear,3,0.550000011920929,0.550000011920929,0.6453952789306641,True
linear,3,0.5600000023841858,0.5600000023841858,0.6668973565101624,True
linear,3,0.5699999928474426,0.5699999928474426,0.6883994936943054,True
linear,3,0.5799999833106995,0.5799999833106995,0.7099016308784485,True
linear,3,0.5899999737739563,0.5899999737739563,0.7314037084579468,True
linear,3,0.6000000238418579,0.6000000238418579,0.7529059648513794,True
linear,3,0.6100000143051147,0.6100000143051147,0.7744080424308777,True
linear,3,0.6200000047683716,0.6200000047683716,0.7959102392196655,True
linear,3,0.6299999952316284,0.6299999952316284,0.812211275100708,True
linear,3,0.6399999856948853,0.6399999856948853,0.8233109712600708,True
linear,3,0.6499999761581421,0.6499999761581421,0.8344106674194336,True
linear,3,0.6600000262260437,0.6600000262260437,0.8455104827880859,True
linear,3,0.6700000166893005,0.6700000166893005,0.8566102981567383,True
linear,3,0.6800000071525574,0.6800000071525574,0.8677100539207458,True
linear,3,0.6899999976158142,0.6899999976158142,0.8788098096847534,True
linear,3,0.699999988079071,0.699999988079071,0.889909565448761,True
linear,3,0.7099999785423279,0.7099999785423279,0.9010093212127686,True
linear,3,0.7200000286102295,0.7200000286102295,0.9121091365814209,True
linear,3,0.7300000190734863,0.7300000190734863,0.9232087731361389,True
linear,3,0.7400000095367432,0.7400000095367432,0.9343085885047913,True
linear,3,0.75,0.75,0.9454083442687988,True
linear,3,0.7599999904632568,0.7599999904632568,0.9475955963134766,True
linear,3,0.7699999809265137,0.7699999809265137,0.9497828483581543,False
linear,3,0.7799999713897705,0.7799999713897705,0.9519701600074768,False
linear,3,0.7900000214576721,0.7900000214576721,0.9541574120521545,False
linear,3,0.800000011920929,0.800000011920929,0.9563446044921875,False
linear,3,0.8100000023841858,0.8100000023841858,0.9585317969322205,False
linear,3,0.8199999928474426,0.8199999928474426,0.960719108581543,False
linear,3,0.8299999833106995,0.8299999833106995,0.9629064202308655,False
linear,3,0.8399999737739563,0.8399999737739563,0.9650936126708984,False
linear,3,0.8500000238418579,0.8500000238418579,0.9672807455062866,False
linear,3,0.8600000143051147,0.8600000143051147,0.9694682359695435,False
linear,3,0.8700000047683716,0.8700000047683716,0.9716556072235107,False
linear,3,0.8799999952316284,0.8799999952316284,0.9738391637802124,False
linear,3,0.8899999856948853,0.8899999856948853,0.9760192036628723,False
linear,3,0.8999999761581421,0.8999999761581421,0.978199303150177,False
linear,3,0.9100000262260437,0.9100000262260437,0.9803793430328369,False
linear,3,0.9200000166893005,0.9200000166893005,0.982559323310852,False
linear,3,0.9300000071525574,0.9300000071525574,0.9847394824028015,False
linear,3,0.9399999976158142,0.9399999976158142,0.9869195818901062,False
linear,3,0.949999988079071,0.949999988079071,0.9890997409820557,False
linear,3,0.9599999785423279,0.9599999785423279,0.9912797212600708,False
linear,3,0.9700000286102295,0.9700000286102295,0.9934597015380859,False
linear,3,0.9800000190734863,0.9800000190734863,0.9956399202346802,False
linear,3,0.9900000095367432,0.9900000095367432,0.9978199601173401,False
linear,3,1.0,1.0,0.9999999403953552,False
linear,4,0.0,0.0,0.0,False
linear,4,0.009999999776482582,0.009999999776482582,0.009950331412255764,False
linear,4,0.019999999552965164,0.019999999552965164,0.019900662824511528,False
linear,4,0.029999999329447746,0.029999999329447746,0.029850993305444717,False
linear,4,0.03999999910593033,0.03999999910593033,0.039801325649023056,False
linear,4,0.05000000074505806,0.05000000074505806,0.049751657992601395,False
linear,4,0.05999999865889549,0.05999999865889549,0.059701986610889435,False
linear,4,0.07000000029802322,0.07000000029802322,0.06965231895446777,False
linear,4,0.07999999821186066,0.07999999821186066,0.07960265129804611,False
linear,4,0.09000000357627869,0.09000000357627869,0.08955298364162445,False
linear,4,0.10000000149011612,0.10000000149011612,0.09950331598520279,False
linear,4,0.10999999940395355,0.10999999940395355,0.10945364832878113,False
linear,4,0.11999999731779099,0.11999999731779099,0.11940397322177887,False
linear,4,0.12999999523162842,0.12999999523162842,0.1293543130159378,False
linear,4,0.14000000059604645,0.14000000059604645,0.13930466771125793,False
linear,4,0.15000000596046448,0.15000000596046448,0.14925502240657806,False
linear,4,0.1599999964237213,0.1599999964237213,0.159205362200737,False
linear,4,0.17000000178813934,0.17000000178813934,0.16915571689605713,False
linear,4,0.18000000715255737,0.18000000715255737,0.17910605669021606,False
linear,4,0.1899999976158142,0.1899999976158142,0.189056396484375,False
linear,4,0.20000000298023224,0.20000000298023224,0.19900675117969513,False
linear,4,0.20999999344348907,0.20999999344348907,0.20895709097385406,False
linear,4,0.2199999988079071,0.2199999988079071,0.2189074456691742,False
linear,4,0.23000000417232513,0.23000000417232513,0.22885778546333313,False
linear,4,0.23999999463558197,0.23999999463558197,0.23880812525749207,True
linear,4,0.25,0.25,0.2487584799528122,True
linear,4,0.25999999046325684,0.25999999046325684,0.2588082253932953,True
linear,4,0.27000001072883606,0.27000001072883606,0.26885804533958435,True
linear,4,0.2800000011920929,0.2800000011920929,0.27890777587890625,True
linear,4,0.28999999165534973,0.28999999165534973,0.2889575660228729,True
linear,4,0.30000001192092896,0.30000001192092896,0.2990073561668396,True
linear,4,0.3100000023841858,0.3100000023841858,0.3090571165084839,True
linear,4,0.3199999928474426,0.3199999928474426,0.3191068768501282,True
linear,4,0.33000001311302185,0.33000001311302185,0.32915666699409485,True
linear,4,0.3400000035762787,0.3400000035762787,0.33920642733573914,True
linear,4,0.3499999940395355,0.3499999940395355,0.3492561876773834,True
linear,4,0.36000001430511475,0.36000001430511475,0.3593059480190277,True
linear,4,0.3700000047683716,0.3700000047683716,0.3693557381629944,True
linear,4,0.3799999952316284,0.3799999952316284,0.3794054687023163,True
linear,4,0.38999998569488525,0.38999998569488525,0.3894551992416382,True
linear,4,0.4000000059604645,0.4000000059604645,0.3995048701763153,True
linear,4,0.4099999964237213,0.4099999964237213,0.4095545709133148,True
linear,4,0.41999998688697815,0.41999998688697815,0.41960427165031433,True
linear,4,0.4300000071525574,0.4300000071525574,0.42965397238731384,True
linear,4,0.4399999976158142,0.4399999976158142,0.43970367312431335,True
linear,4,0.44999998807907104,0.44999998807907104,0.44975337386131287,True
linear,4,0.46000000834465027,0.46000000834465027,0.45980310440063477,True
linear,4,0.4699999988079071,0.4699999988079071,0.4698528051376343,True
linear,4,0.47999998927116394,0.47999998927116394,0.4799024760723114,True
linear,4,0.49000000953674316,0.49000000953674316,0.4899522364139557,True
linear,4,0.5,0.5,0.5000019073486328,True
linear,4,0.5099999904632568,0.5099999904632568,0.5100516676902771,True
linear,4,0.5199999809265137,0.5199999809265137,0.5201012492179871,True
linear,4,0.5299999713897705,0.5299999713897705,0.5301510095596313,True
linear,4,0.5400000214576721,0.5400000214576721,0.5402007699012756,True
linear,4,0.550000011920929,0.550000011920929,0.5502503514289856,True
linear,4,0.5600000023841858,0.5600000023841858,0.5603000521659851,True
linear,4,0.5699999928474426,0.5699999928474426,0.5703498125076294,True
linear,4,0.5799999833106995,0.5799999833106995,0.5803995132446289,True
linear,4,0.5899999737739563,0.5899999737739563,0.5904490947723389,True
linear,4,0.6000000238418579,0.6000000238418579,0.6004988551139832,True
linear,4,0.6100000143051147,0.6100000143051147,0.6105486154556274,True
linear,4,0.6200000047683716,0.6200000047683716,0.6205982565879822,True
linear,4,0.6299999952316284,0.6299999952316284,0.6306478381156921,True
linear,4,0.6399999856948853,0.6399999856948853,0.6406974792480469,True
linear,4,0.6499999761581421,0.6499999761581421,0.6507471203804016,True
linear,4,0.6600000262260437,0.6600000262260437,0.6607967019081116,True
linear,4,0.6700000166893005,0.6700000166893005,0.6708463430404663,True
linear,4,0.6800000071525574,0.6800000071525574,0.6808959245681763,True
linear,4,0.6899999976158142,0.6899999976158142,0.690945565700531,True
linear,4,0.699999988079071,0.699999988079071,0.700995147228241,True
linear,4,0.7099999785423279,0.7099999785423279,0.7110446691513062,True
linear,4,0.7200000286102295,0.7200000286102295,0.7210943102836609,True
linear,4,0.7300000190734863,0.7300000190734863,0.7311439514160156,True
linear,4,0.7400000095367432,0.7400000095367432,0.7411935329437256,True
linear,4,0.75,0.75,0.7512430548667908,True
linear,4,0.7599999904632568,0.7599999904632568,0.7611933946609497,True
linear,4,0.7699999809265137,0.7699999809265137,0.7711436748504639,False
linear,4,0.7799999713897705,0.7799999713897705,0.781093955039978,False
linear,4,0.7900000214576721,0.7900000214576721,0.7910442352294922,False
linear,4,0.800000011920929,0.800000011920929,0.8009945154190063,False
linear,4,0.8100000023841858,0.8100000023841858,0.810944676399231,False
linear,4,0.8199999928474426,0.8199999928474426,0.8208949565887451,False
linear,4,0.8299999833106995,0.8299999833106995,0.8308451771736145,False
linear,4,0.8399999737739563,0.8399999737739563,0.840795636177063,False
linear,4,0.8500000238418579,0.8500000238418579,0.8507458567619324,False
linear,4,0.8600000143051147,0.8600000143051147,0.8606961369514465,False
linear,4,0.8700000047683716,0.8700000047683716,0.8706464171409607,False
linear,4,0.8799999952316284,0.8799999952316284,0.8805966377258301,False
linear,4,0.8899999856948853,0.8899999856948853,0.8905468583106995,False
linear,4,0.8999999761581421,0.8999999761581421,0.9004971385002136,False
linear,4,0.9100000262260437,0.9100000262260437,0.9104474782943726,False
linear,4,0.9200000166893005,0.9200000166893005,0.9203978180885315,False
linear,4,0.9300000071525574,0.9300000071525574,0.9303480386734009,False
linear,4,0.9399999976158142,0.9399999976158142,0.9402983784675598,False
linear,4,0.949999988079071,0.949999988079071,0.9502485394477844,False
linear,4,0.9599999785423279,0.9599999785423279,0.9601987600326538,False
linear,4,0.9700000286102295,0.9700000286102295,0.9701491594314575,False
linear,4,0.9800000190734863,0.9800000190734863,0.9800994396209717,False
linear,4,0.9900000095367432,0.9900000095367432,0.9900496602058411,False
linear,4,1.0,1.0,1.0,False
threshold,0,0.0,0.0,0.0,False
threshold,0,0.009999999776482582,1.0702260686279756e-07,0.002685228129848838,False
threshold,0,0.019999999552965164,2.5148797804627067e-07,0.005370456259697676,False
threshold,0,0.029999999329447746,4.464957642204704e-07,0.008055685088038445,False
threshold,0,0.03999999910593033,7.097286195444562e-07,0.010740912519395351,False
threshold,0,0.05000000074505806,1.0650556621812573e-06,0.013426141813397408,False
threshold,0,0.05999999865889549,1.544696416534764e-06,0.01611137017607689,False
threshold,0,0.07000000029802322,2.1921432221983552e-06,0.01879659853875637,False
threshold,0,0.07999999821186066,3.066103331733067e-06,0.021481825038790703,False
threshold,0,0.09000000357627869,4.245824603833442e-06,0.024167055264115334,False
threshold,0,0.10000000149011612,5.838276221836816e-06,0.026852283626794815,False
threshold,0,0.10999999940395355,7.987852885667366e-06,0.029537510126829147,False
threshold,0,0.11999999731779099,1.0889463039570957e-05,0.03222274035215378,False
threshold,0,0.12999999523162842,1.4806200110778908e-05,0.0348772294819355,False
threshold,0,0.14000000059604645,2.0093197710860283e-05,0.037500981241464615,False
threshold,0,0.15000000596046448,2.7229810470607296e-05,0.04012473300099373,False
threshold,0,0.1599999964237213,3.6863053441298197e-05,0.042748477309942245,False
threshold,0,0.17000000178813934,4.9866295656570054e-05,0.04537223279476166,False
threshold,0,0.18000000715255737,6.74183031707061e-05,0.04799598455429077,False
threshold,0,0.1899999976158142,9.111002082877756e-05,0.05061973258852959,False
threshold,0,0.20000000298023224,0.0001230887600965317,0.053243488073349,False
threshold,0,0.20999999344348907,0.00016625223150853276,0.055867236107587814,False
threshold,0,0.2199999988079071,0.0002245109973249313,0.05849098414182663,False
threshold,0,0.23000000417232513,0.00030314135123608914,0.06111473590135574,False
threshold,0,0.23999999463558197,0.0004092614472614174,0.06373848766088486,True
threshold,0,0.25,0.0005524730727021605,0.06636223942041397,True
threshold,0,0.25999999046325684,0.0007457231745652329,0.0696321651339531,True
threshold,0,0.27000001072883606,0.0010064658573371915,0.07290209829807281,True
threshold,0,0.2800000011920929,0.0013582149276824326,0.07617202401161194,True
threshold,0,0.28999999165534973,0.0018326337034634225,0.07944194972515106,True
threshold,0,0.30000001192092896,0.0024723196490766394,0.08271187543869019,True
threshold,0,0.3100000023841858,0.003334503682979207,0.08598180115222931,True
threshold,0,0.3199999928474426,0.004495969048910677,0.08925171196460724,True
threshold,0,0.33000001311302185,0.006059501666011263,0.09252165257930756,True
threshold,0,0.3400000035762787,0.008162271113247351,0.09579157829284668,True
threshold,0,0.3499999940395355,0.010986641507009343,0.0990614965558052,True
threshold,0,0.36000001430511475,0.014773741076342398,0.10233142971992493,True
threshold,0,0.3700000047683716,0.019840014751928335,0.10560135543346405,True
threshold,0,0.3799999952316284,0.02659670024308279,0.12320731580257416,True
threshold,0,0.38999998569488525,0.035570890410354966,0.15514932572841644,True
threshold,0,0.4000000059604645,0.04742560436875276,0.1870914101600647,True
threshold,0,0.4099999964237213,0.06297308235114138,0.21903342008590698,True
threshold,0,0.41999998688697815,0.08317241147894809,0.25097543001174927,True
threshold,0,0.4300000071525574,0.10909660289489638,0.28291749954223633,True
threshold,0,0.4399999976158142,0.14185083707647406,0.3148595094680786,True
threshold,0,0.44999998807907104,0.18242527617380416,0.3468015193939209,True
threshold,0,0.46000000834465027,0.23147509675026032,0.37874358892440796,True
threshold,0,0.4699999988079071,0.2890503609658037,0.41068559885025024,True
threshold,0,0.47999998927116394,0.35434353102327326,0.44262760877609253,True
threshold,0,0.49000000953674316,0.4255575075841781,0.474569708108902,True
threshold,0,0.5,0.5,0.5065116882324219,True
threshold,0,0.5099999904632568,0.574442492415822,0.5383924245834351,True
threshold,0,0.5199999809265137,0.6456562644275434,0.5702731013298035,True
threshold,0,0.5299999713897705,0.7109494553024598,0.6021538376808167,True
threshold,0,0.5400000214576721,0.7685250622998444,0.6340346932411194,True
threshold,0,0.550000011920929,0.8175747238261959,0.6659153699874878,True
threshold,0,0.5600000023841858,0.858149162923526,0.697796106338501,True
threshold,0,0.5699999928474426,0.8909033971051036,0.7296767830848694,True
threshold,0,0.5799999833106995,0.9168275203437252,0.7615574598312378,True
threshold,0,0.5899999737739563,0.9370268648918048,0.7934381365776062,True
threshold,0,0.6000000238418579,0.9525744360223436,0.8253190517425537,True
threshold,0,0.6100000143051147,0.9644291095896452,0.8571997880935669,True
threshold,0,0.6200000047683716,0.9734032997569172,0.8890804052352905,True
threshold,0,0.6299999952316284,0.9801599852480718,0.9061813950538635,True
threshold,0,0.6399999856948853,0.9852262589236576,0.9085026383399963,True
threshold,0,0.6499999761581421,0.9890133487778158,0.9108238816261292,True
threshold,0,0.6600000262260437,0.9918377361250922,0.913145124912262,True
threshold,0,0.6700000166893005,0.9939405037190453,0.91546630859375,True
threshold,0,0.6800000071525574,0.9955040309510893,0.9177875518798828,True
threshold,0,0.6899999976158142,0.9966654963170208,0.9201086759567261,True
threshold,0,0.699999988079071,0.9975276803509234,0.9224299788475037,True
threshold,0,0.7099999785423279,0.9981673646607641,0.9247512817382812,True
threshold,0,0.7200000286102295,0.9986417862852793,0.9270724654197693,True
threshold,0,0.7300000190734863,0.9989935350418803,0.9293935894966125,True
threshold,0,0.7400000095367432,0.9992542768254349,0.9317148923873901,True
threshold,0,0.75,0.9994475269272979,0.934036135673523,True
threshold,0,0.7599999904632568,0.9995907383697227,0.9366345405578613,True
threshold,0,0.7699999809265137,0.9996968585131536,0.9392330646514893,False
threshold,0,0.7799999713897705,0.9997754888017183,0.9418312311172485,False
threshold,0,0.7900000214576721,0.9998337478429363,0.9444296956062317,False
threshold,0,0.800000011920929,0.9998769112950585,0.9470279812812805,False
threshold,0,0.8100000023841858,0.9999088899791713,0.9496263861656189,False
threshold,0,0.8199999928474426,0.9999325816968295,0.9522247314453125,False
threshold,0,0.8299999833106995,0.999950133681916,0.9548230767250061,False
threshold,0,0.8399999737739563,0.9999631369133283,0.9574216604232788,False
threshold,0,0.8500000238418579,0.9999727702141474,0.9600200057029724,False
threshold,0,0.8600000143051147,0.9999799068114082,0.9626182317733765,False
threshold,0,0.8700000047683716,0.9999851937998891,0.9652166962623596,False
threshold,0,0.8799999952316284,0.9999891105344582,0.9678551554679871,False
threshold,0,0.8899999856948853,0.9999920121434068,0.9705339670181274,False
threshold,0,0.8999999761581421,0.9999941617196582,0.9732125997543335,False
threshold,0,0.9100000262260437,0.9999957541794658,0.9758912920951843,False
threshold,0,0.9200000166893005,0.9999969338981757,0.9785702228546143,False
threshold,0,0.9300000071525574,0.9999978078573362,0.9812489748001099,False
threshold,0,0.9399999976158142,0.9999984553033767,0.9839276671409607,False
threshold,0,0.949999988079071,0.9999989349438781,0.9866064190864563,False
threshold,0,0.9599999785423279,0.9999992902706994,0.9892850518226624,False
threshold,0,0.9700000286102295,0.9999995535048665,0.9919637441635132,False
threshold,0,0.9800000190734863,0.9999997485123334,0.9946424961090088,False
threshold,0,0.9900000095367432,0.9999998929775086,0.997321367263794,False
threshold,0,1.0,1.0,1.0,False
threshold,1,0.0,0.0,0.0,False
threshold,1,0.009999999776482582,1.0702260686279756e-07,0.002777551533654332,False
threshold,1,0.019999999552965164,2.5148797804627067e-07,0.005555103067308664,False
threshold,1,0.029999999329447746,4.464957642204704e-07,0.00833265483379364,False
threshold,1,0.03999999910593033,7.097286195444562e-07,0.011110206134617329,False
threshold,1,0.05000000074505806,1.0650556621812573e-06,0.013887758366763592,False
threshold,1,0.05999999865889549,1.544696416534764e-06,0.01666530966758728,False
threshold,1,0.07000000029802322,2.1921432221983552e-06,0.019442861899733543,False
threshold,1,0.07999999821186066,3.066103331733067e-06,0.022220412269234657,False
threshold,1,0.09000000357627869,4.245824603833442e-06,0.02499796636402607,False
threshold,1,0.10000000149011612,5.838276221836816e-06,0.027775516733527184,False
threshold,1,0.10999999940395355,7.987852885667366e-06,0.030553068965673447,False
threshold,1,0.11999999731779099,1.0889463039570957e-05,0.03333061933517456,False
threshold,1,0.12999999523162842,1.4806200110778908e-05,0.03610306605696678,False
threshold,1,0.14000000059604645,2.0093197710860283e-05,0.03887041285634041,False
threshold,1,0.15000000596046448,2.7229810470607296e-05,0.041637763381004333,False
threshold,1,0.1599999964237213,3.6863053441298197e-05,0.04440510272979736,False
threshold,1,0.17000000178813934,4.9866295656570054e-05,0.04717244952917099,False
threshold,1,0.18000000715255737,6.74183031707061e-05,0.049939800053834915,False
threshold,1,0.1899999976158142,9.111002082877756e-05,0.05270714312791824,False
threshold,1,0.20000000298023224,0.0001230887600965317,0.05547448620200157,False
threshold,1,0.20999999344348907,0.00016625223150853276,0.0582418330013752,False
threshold,1,0.2199999988079071,0.0002245109973249313,0.061009179800748825,False
threshold,1,0.23000000417232513,0.00030314135123608914,0.06377653032541275,False
threshold,1,0.23999999463558197,0.0004092614472614174,0.06654386967420578,True
threshold,1,0.25,0.0005524730727021605,0.0693112164735794,True
threshold,1,0.25999999046325684,0.0007457231745652329,0.07171580940485,True
threshold,1,0.27000001072883606,0.0010064658573371915,0.0741204097867012,True
threshold,1,0.2800000011920929,0.0013582149276824326,0.0765250027179718,True
threshold,1,0.28999999165534973,0.0018326337034634225,0.0789295956492424,True
threshold,1,0.30000001192092896,0.0024723196490766394,0.0813342034816742,True
threshold,1,0.3100000023841858,0.003334503682979207,0.0837387964129448,True
threshold,1,0.3199999928474426,0.004495969048910677,0.0861433818936348,True
threshold,1,0.33000001311302185,0.006059501666011263,0.08854798972606659,True
threshold,1,0.3400000035762787,0.008162271113247351,0.09095257520675659,True
threshold,1,0.3499999940395355,0.010986641507009343,0.09335718303918839,True
threshold,1,0.36000001430511475,0.014773741076342398,0.09576177597045898,True
threshold,1,0.3700000047683716,0.019840014751928335,0.09816636890172958,True
threshold,1,0.3799999952316284,0.02659670024308279,0.11464322358369827,True
threshold,1,0.38999998569488525,0.035570890410354966,0.14519232511520386,True
threshold,1,0.4000000059604645,0.04742560436875276,0.175741508603096,True
threshold,1,0.4099999964237213,0.06297308235114138,0.2062906175851822,True
threshold,1,0.41999998688697815,0.08317241147894809,0.23683971166610718,True
threshold,1,0.4300000071525574,0.10909660289489638,0.2673889100551605,True
threshold,1,0.4399999976158142,0.14185083707647406,0.2979379892349243,True
threshold,1,0.44999998807907104,0.18242527617380416,0.3284870982170105,True
threshold,1,0.46000000834465027,0.23147509675026032,0.35903629660606384,True
threshold,1,0.4699999988079071,0.2890503609658037,0.38958537578582764,True
threshold,1,0.47999998927116394,0.35434353102327326,0.4201344847679138,True
threshold,1,0.49000000953674316,0.4255575075841781,0.45068368315696716,True
threshold,1,0.5,0.5,0.48123279213905334,True
threshold,1,0.5099999904632568,0.574442492415822,0.513703465461731,True
threshold,1,0.5199999809265137,0.6456562644275434,0.5461740493774414,True
threshold,1,0.5299999713897705,0.7109494553024598,0.5786446928977966,True
threshold,1,0.5400000214576721,0.7685250622998444,0.611115574836731,True
threshold,1,0.550000011920929,0.8175747238261959,0.6435862183570862,True
threshold,1,0.5600000023841858,0.858149162923526,0.6760568022727966,True
threshold,1,0.5699999928474426,0.8909033971051036,0.7085275053977966,True
threshold,1,0.5799999833106995,0.9168275203437252,0.7409980893135071,True
threshold,1,0.5899999737739563,0.9370268648918048,0.7734687924385071,True
threshold,1,0.6000000238418579,0.9525744360223436,0.8059395551681519,True
threshold,1,0.6100000143051147,0.9644291095896452,0.8384101986885071,True
threshold,1,0.6200000047683716,0.9734032997569172,0.8708808422088623,True
threshold,1,0.6299999952316284,0.9801599852480718,0.8888056874275208,True
threshold,1,0.6399999856948853,0.9852262589236576,0.8921845555305481,True
threshold,1,0.6499999761581421,0.9890133487778158,0.8955634236335754,True
threshold,1,0.6600000262260437,0.9918377361250922,0.8989423513412476,True
threshold,1,0.6700000166893005,0.9939405037190453,0.9023211598396301,True
threshold,1,0.6800000071525574,0.9955040309510893,0.9056999683380127,True
threshold,1,0.6899999976158142,0.9966654963170208,0.9090789556503296,True
threshold,1,0.699999988079071,0.9975276803509234,0.9124577641487122,True
threshold,1,0.7099999785423279,0.9981673646607641,0.9158366918563843,True
threshold,1,0.7200000286102295,0.9986417862852793,0.9192155599594116,True
threshold,1,0.7300000190734863,0.9989935350418803,0.922594428062439,True
threshold,1,0.7400000095367432,0.9992542768254349,0.9259733557701111,True
threshold,1,0.75,0.9994475269272979,0.9293521642684937,True
threshold,1,0.7599999904632568,0.9995907383697227,0.9321545362472534,True
threshold,1,0.7699999809265137,0.9996968585131536,0.9349565505981445,False
threshold,1,0.7799999713897705,0.9997754888017183,0.9377586245536804,False
threshold,1,0.7900000214576721,0.9998337478429363,0.9405607581138611,False
threshold,1,0.800000011920929,0.9998769112950585,0.9433629512786865,False
threshold,1,0.8100000023841858,0.9999088899791713,0.946165144443512,False
threshold,1,0.8199999928474426,0.9999325816968295,0.9489672183990479,False
threshold,1,0.8299999833106995,0.999950133681916,0.9517692923545837,False
threshold,1,0.8399999737739563,0.9999631369133283,0.9545713067054749,False
threshold,1,0.8500000238418579,0.9999727702141474,0.9573736190795898,False
threshold,1,0.8600000143051147,0.9999799068114082,0.9601756930351257,False
threshold,1,0.8700000047683716,0.9999851937998891,0.9629777073860168,False
threshold,1,0.8799999952316284,0.9999891105344582,0.9658037424087524,False
threshold,1,0.8899999856948853,0.9999920121434068,0.9686533212661743,False
threshold,1,0.8999999761581421,0.9999941617196582,0.9715030789375305,False
threshold,1,0.9100000262260437,0.9999957541794658,0.9743529558181763,False
threshold,1,0.9200000166893005,0.9999969338981757,0.9772025346755981,False
threshold,1,0.9300000071525574,0.9999978078573362,0.9800521731376648,False
threshold,1,0.9399999976158142,0.9999984553033767,0.9829018712043762,False
threshold,1,0.949999988079071,0.9999989349438781,0.9857516288757324,False
threshold,1,0.9599999785423279,0.9999992902706994,0.9886013269424438,False
threshold,1,0.9700000286102295,0.9999995535048665,0.9914509654045105,False
threshold,1,0.9800000190734863,0.9999997485123334,0.9943004250526428,False
threshold,1,0.9900000095367432,0.9999998929775086,0.997150182723999,False
threshold,1,1.0,1.0,1.0,False
threshold,2,0.0,0.0,0.0,False
threshold,2,0.009999999776482582,1.0702260686279756e-07,0.0027841716073453426,False
threshold,2,0.019999999552965164,2.5148797804627067e-07,0.005568343214690685,False
threshold,2,0.029999999329447746,4.464957642204704e-07,0.008352515287697315,False
threshold,2,0.03999999910593033,7.097286195444562e-07,0.01113668642938137,False
threshold,2,0.05000000074505806,1.0650556621812573e-06,0.013920858502388,False
threshold,2,0.05999999865889549,1.544696416534764e-06,0.01670503057539463,False
threshold,2,0.07000000029802322,2.1921432221983552e-06,0.01948920264840126,False
threshold,2,0.07999999821186066,3.066103331733067e-06,0.02227337285876274,False
threshold,2,0.09000000357627869,4.245824603833442e-06,0.02505754679441452,False
threshold,2,0.10000000149011612,5.838276221836816e-06,0.027841717004776,False
threshold,2,0.10999999940395355,7.987852885667366e-06,0.03062588907778263,False
threshold,2,0.11999999731779099,1.0889463039570957e-05,0.03341006115078926,False
threshold,2,0.12999999523162842,1.4806200110778908e-05,0.03613989055156708,False
threshold,2,0.14000000059604645,2.0093197710860283e-05,0.03881537914276123,False
threshold,2,0.15000000596046448,2.7229810470607296e-05,0.04149086773395538,False
threshold,2,0.1599999964237213,3.6863053441298197e-05,0.044166356325149536,False
threshold,2,0.17000000178813934,4.9866295656570054e-05,0.04684184491634369,False
threshold,2,0.18000000715255737,6.74183031707061e-05,0.04951733723282814,False
threshold,2,0.1899999976158142,9.111002082877756e-05,0.052192818373441696,False
threshold,2,0.20000000298023224,0.0001230887600965317,0.05486831068992615,False
threshold,2,0.20999999344348907,0.00016625223150853276,0.0575437992811203,False
threshold,2,0.2199999988079071,0.0002245109973249313,0.06021928787231445,False
threshold,2,0.23000000417232513,0.00030314135123608914,0.0628947764635086,False
threshold,2,0.23999999463558197,0.0004092614472614174,0.06557026505470276,True
threshold,2,0.25,0.0005524730727021605,0.06824575364589691,True
threshold,2,0.25999999046325684,0.0007457231745652329,0.07132823020219803,True
threshold,2,0.27000001072883606,0.0010064658573371915,0.07441071420907974,True
threshold,2,0.2800000011920929,0.0013582149276824326,0.07749318331480026,True
threshold,2,0.28999999165534973,0.0018326337034634225,0.08057565242052078,True
threshold,2,0.30000001192092896,0.0024723196490766394,0.0836581364274025,True
threshold,2,0.3100000023841858,0.003334503682979207,0.08674061298370361,True
threshold,2,0.3199999928474426,0.004495969048910677,0.08982308954000473,True
threshold,2,0.33000001311302185,0.006059501666011263,0.09290556609630585,True
threshold,2,0.3400000035762787,0.008162271113247351,0.09598804265260696,True
threshold,2,0.3499999940395355,0.010986641507009343,0.09907051920890808,True
threshold,2,0.36000001430511475,0.014773741076342398,0.1021530032157898,True
threshold,2,0.3700000047683716,0.019840014751928335,0.10523548722267151,True
threshold,2,0.3799999952316284,0.02659670024308279,0.12258873879909515,True
threshold,2,0.38999998569488525,0.035570890410354966,0.1542128026485443,True
threshold,2,0.4000000059604645,0.04742560436875276,0.18583697080612183,True
threshold,2,0.4099999964237213,0.06297308235114138,0.21746103465557098,True
threshold,2,0.41999998688697815,0.08317241147894809,0.24908509850502014,True
threshold,2,0.4300000071525574,0.10909660289489638,0.28070926666259766,True
threshold,2,0.4399999976158142,0.14185083707647406,0.3123333156108856,True
threshold,2,0.44999998807907104,0.18242527617380416,0.3439573645591736,True
threshold,2,0.46000000834465027,0.23147509675026032,0.3755815625190735,True
threshold,2,0.4699999988079071,0.2890503609658037,0.40720561146736145,True
threshold,2,0.47999998927116394,0.35434353102327326,0.4388296604156494,True
threshold,2,0.49000000953674316,0.4255575075841781,0.47045382857322693,True
threshold,2,0.5,0.5,0.5020778775215149,True
threshold,2,0.5099999904632568,0.574442492415822,0.5341116786003113,True
threshold,2,0.5199999809265137,0.6456562644275434,0.5661455392837524,True
threshold,2,0.5299999713897705,0.7109494553024598,0.598179280757904,True
threshold,2,0.5400000214576721,0.7685250622998444,0.6302133798599243,True
threshold,2,0.550000011920929,0.8175747238261959,0.6622471213340759,True
threshold,2,0.5600000023841858,0.858149162923526,0.6942809224128723,True
threshold,2,0.5699999928474426,0.8909033971051036,0.7263147830963135,True
threshold,2,0.5799999833106995,0.9168275203437252,0.7583485841751099,True
threshold,2,0.5899999737739563,0.9370268648918048,0.790382444858551,True
threshold,2,0.6000000238418579,0.9525744360223436,0.8224164247512817,True
threshold,2,0.6100000143051147,0.9644291095896452,0.8544501662254333,True
threshold,2,0.6200000047683716,0.9734032997569172,0.8864840865135193,True
threshold,2,0.6299999952316284,0.9801599852480718,0.9036521911621094,True
threshold,2,0.6399999856948853,0.9852262589236576,0.9059547185897827,True
threshold,2,0.6499999761581421,0.9890133487778158,0.9082571864128113,True
threshold,2,0.6600000262260437,0.9918377361250922,0.9105596542358398,True
threshold,2,0.6700000166893005,0.9939405037190453,0.912862241268158,True
threshold,2,0.6800000071525574,0.9955040309510893,0.915164589881897,True
threshold,2,0.6899999976158142,0.9966654963170208,0.9174671769142151,True
threshold,2,0.699999988079071,0.9975276803509234,0.9197696447372437,True
threshold,2,0.7099999785423279,0.9981673646607641,0.9220719933509827,True
threshold,2,0.7200000286102295,0.9986417862852793,0.924374520778656,True
threshold,2,0.7300000190734863,0.9989935350418803,0.9266771078109741,True
threshold,2,0.7400000095367432,0.9992542768254349,0.9289795756340027,True
threshold,2,0.75,0.9994475269272979,0.9312819242477417,True
threshold,2,0.7599999904632568,0.9995907383697227,0.9339957237243652,True
threshold,2,0.7699999809265137,0.9996968585131536,0.9367093443870544,False
threshold,2,0.7799999713897705,0.9997754888017183,0.9394230246543884,False
threshold,2,0.7900000214576721,0.9998337478429363,0.9421367645263672,False
threshold,2,0.800000011920929,0.9998769112950585,0.9448504447937012,False
threshold,2,0.8100000023841858,0.9999088899791713,0.9475639462471008,False
threshold,2,0.8199999928474426,0.9999325816968295,0.9502777457237244,False
threshold,2,0.8299999833106995,0.999950133681916,0.9529915452003479,False
threshold,2,0.8399999737739563,0.9999631369133283,0.9557050466537476,False
threshold,2,0.8500000238418579,0.9999727702141474,0.9584186673164368,False
threshold,2,0.8600000143051147,0.9999799068114082,0.9611325860023499,False
threshold,2,0.8700000047683716,0.9999851937998891,0.9638462662696838,False
threshold,2,0.8799999952316284,0.9999891105344582,0.9665948748588562,False
threshold,2,0.8899999856948853,0.9999920121434068,0.969378650188446,False
threshold,2,0.8999999761581421,0.9999941617196582,0.9721626043319702,False
threshold,2,0.9100000262260437,0.9999957541794658,0.9749462008476257,False
threshold,2,0.9200000166893005,0.9999969338981757,0.9777299165725708,False
threshold,2,0.9300000071525574,0.9999978078573362,0.9805138111114502,False
threshold,2,0.9399999976158142,0.9999984553033767,0.9832975268363953,False
threshold,2,0.949999988079071,0.9999989349438781,0.9860812425613403,False
threshold,2,0.9599999785423279,0.9999992902706994,0.9888650178909302,False
threshold,2,0.9700000286102295,0.9999995535048665,0.99164879322052,False
threshold,2,0.9800000190734863,0.9999997485123334,0.9944326877593994,False
threshold,2,0.9900000095367432,0.9999998929775086,0.9972162246704102,False
threshold,2,1.0,1.0,1.000000238418579,False
threshold,3,0.0,0.0,0.0,False
threshold,3,0.009999999776482582,1.0702260686279756e-07,0.002828244585543871,False
threshold,3,0.019999999552965164,2.5148797804627067e-07,0.005656489171087742,False
threshold,3,0.029999999329447746,4.464957642204704e-07,0.008484733290970325,False
threshold,3,0.03999999910593033,7.097286195444562e-07,0.011312978342175484,False
threshold,3,0.05000000074505806,1.0650556621812573e-06,0.014141223393380642,False
threshold,3,0.05999999865889549,1.544696416534764e-06,0.01696946658194065,False
threshold,3,0.07000000029802322,2.1921432221983552e-06,0.019797712564468384,False
threshold,3,0.07999999821186066,3.066103331733067e-06,0.022625956684350967,False
threshold,3,0.09000000357627869,4.245824603833442e-06,0.0254542026668787,False
threshold,3,0.10000000149011612,5.838276221836816e-06,0.028282446786761284,False
threshold,3,0.10999999940395355,7.987852885667366e-06,0.031110690906643867,False
threshold,3,0.11999999731779099,1.0889463039570957e-05,0.0339389331638813,False
threshold,3,0.12999999523162842,1.4806200110778908e-05,0.03671728074550629,False
threshold,3,0.14000000059604645,2.0093197710860283e-05,0.03944573551416397,False
threshold,3,0.15000000596046448,2.7229810470607296e-05,0.04217418655753136,False
threshold,3,0.1599999964237213,3.6863053441298197e-05,0.04490263760089874,False
threshold,3,0.17000000178813934,4.9866295656570054e-05,0.04763108864426613,False
threshold,3,0.18000000715255737,6.74183031707061e-05,0.05035954341292381,False
threshold,3,0.1899999976158142,9.111002082877756e-05,0.0530879907310009,False
threshold,3,0.20000000298023224,0.0001230887600965317,0.055816445499658585,False
threshold,3,0.20999999344348907,0.00016625223150853276,0.05854489281773567,False
threshold,3,0.2199999988079071,0.0002245109973249313,0.061273347586393356,False
threshold,3,0.23000000417232513,0.00030314135123608914,0.06400179862976074,False
threshold,3,0.23999999463558197,0.0004092614472614174,0.06673024594783783,True
threshold,3,0.25,0.0005524730727021605,0.06945870071649551,True
threshold,3,0.25999999046325684,0.0007457231745652329,0.07197260111570358,True
threshold,3,0.27000001072883606,0.0010064658573371915,0.07448650896549225,True
threshold,3,0.2800000011920929,0.0013582149276824326,0.07700040936470032,True
threshold,3,0.28999999165534973,0.0018326337034634225,0.07951430231332779,True
threshold,3,0.30000001192092896,0.0024723196490766394,0.08202821016311646,True
threshold,3,0.3100000023841858,0.003334503682979207,0.08454211056232452,True
threshold,3,0.3199999928474426,0.004495969048910677,0.08705601096153259,True
threshold,3,0.33000001311302185,0.006059501666011263,0.08956991881132126,True
threshold,3,0.3400000035762787,0.008162271113247351,0.09208381175994873,True
threshold,3,0.3499999940395355,0.010986641507009343,0.0945977121591568,True
threshold,3,0.36000001430511475,0.014773741076342398,0.09711162745952606,True
threshold,3,0.3700000047683716,0.019840014751928335,0.09962552040815353,True
threshold,3,0.3799999952316284,0.02659670024308279,0.11669887602329254,True
threshold,3,0.38999998569488525,0.035570890410354966,0.1483316719532013,True
threshold,3,0.4000000059604645,0.04742560436875276,0.1799645870923996,True
threshold,3,0.4099999964237213,0.06297308235114138,0.21159739792346954,True
threshold,3,0.41999998688697815,0.08317241147894809,0.2432301938533783,True
threshold,3,0.4300000071525574,0.10909660289489638,0.2748630940914154,True
threshold,3,0.4399999976158142,0.14185083707647406,0.30649590492248535,True
threshold,3,0.44999998807907104,0.18242527617380416,0.3381287157535553,True
threshold,3,0.46000000834465027,0.23147509675026032,0.3697616457939148,True
threshold,3,0.4699999988079071,0.2890503609658037,0.40139442682266235,True
threshold,3,0.47999998927116394,0.35434353102327326,0.4330272078514099,True
threshold,3,0.49000000953674316,0.4255575075841781,0.4646601676940918,True
threshold,3,0.5,0.5,0.49629294872283936,True
threshold,3,0.5099999904632568,0.574442492415822,0.5276317000389099,True
threshold,3,0.5199999809265137,0.6456562644275434,0.5589705109596252,True
threshold,3,0.5299999713897705,0.7109494553024598,0.5903093218803406,True
threshold,3,0.5400000214576721,0.7685250622998444,0.6216483116149902,True
threshold,3,0.550000011920929,0.8175747238261959,0.6529870629310608,True
threshold,3,0.5600000023841858,0.858149162923526,0.6843258738517761,True
threshold,3,0.5699999928474426,0.8909033971051036,0.7156646251678467,True
threshold,3,0.5799999833106995,0.9168275203437252,0.747003436088562,True
threshold,3,0.5899999737739563,0.9370268648918048,0.7783422470092773,True
threshold,3,0.6000000238418579,0.9525744360223436,0.8096811771392822,True
threshold,3,0.6100000143051147,0.9644291095896452,0.8410199880599976,True
threshold,3,0.6200000047683716,0.9734032997569172,0.8723587989807129,True
threshold,3,0.6299999952316284,0.9801599852480718,0.8897215127944946,True
threshold,3,0.6399999856948853,0.9852262589236576,0.8931080102920532,True
threshold,3,0.6499999761581421,0.9890133487778158,0.8964946269989014,True
threshold,3,0.6600000262260437,0.9918377361250922,0.8998810648918152,True
threshold,3,0.6700000166893005,0.9939405037190453,0.9032675623893738,True
threshold,3,0.6800000071525574,0.9955040309510893,0.9066542387008667,True
threshold,3,0.6899999976158142,0.9966654963170208,0.9100406765937805,True
threshold,3,0.699999988079071,0.9975276803509234,0.9134272336959839,True
threshold,3,0.7099999785423279,0.9981673646607641,0.916813850402832,True
threshold,3,0.7200000286102295,0.9986417862852793,0.9202003479003906,True
threshold,3,0.7300000190734863,0.9989935350418803,0.923586905002594,True
threshold,3,0.7400000095367432,0.9992542768254349,0.9269733428955078,True
threshold,3,0.75,0.9994475269272979,0.9303600192070007,True
threshold,3,0.7599999904632568,0.9995907383697227,0.933108389377594,True
threshold,3,0.7699999809265137,0.9996968585131536,0.9358566403388977,False
threshold,3,0.7799999713897705,0.9997754888017183,0.9386051297187805,False
threshold,3,0.7900000214576721,0.9998337478429363,0.9413533210754395,False
threshold,3,0.800000011920929,0.9998769112950585,0.9441017508506775,False
threshold,3,0.8100000023841858,0.9999088899791713,0.9468501210212708,False
threshold,3,0.8199999928474426,0.9999325816968295,0.949598491191864,False
threshold,3,0.8299999833106995,0.999950133681916,0.9523469805717468,False
threshold,3,0.8399999737739563,0.9999631369133283,0.9550952315330505,False
threshold,3,0.8500000238418579,0.9999727702141474,0.957843542098999,False
threshold,3,0.8600000143051147,0.9999799068114082,0.9605919122695923,False
threshold,3,0.8700000047683716,0.9999851937998891,0.963340163230896,False
threshold,3,0.8799999952316284,0.9999891105344582,0.9661259055137634,False
threshold,3,0.8899999856948853,0.9999920121434068,0.9689486622810364,False
threshold,3,0.8999999761581421,0.9999941617196582,0.9717715978622437,False
threshold,3,0.9100000262260437,0.9999957541794658,0.9745944142341614,False
threshold,3,0.9200000166893005,0.9999969338981757,0.9774171710014343,False
threshold,3,0.9300000071525574,0.9999978078573362,0.9802401065826416,False
threshold,3,0.9399999976158142,0.9999984553033767,0.9830628633499146,False
threshold,3,0.949999988079071,0.9999989349438781,0.985885739326477,False
threshold,3,0.9599999785423279,0.9999992902706994,0.9887086153030396,False
threshold,3,0.9700000286102295,0.9999995535048665,0.9915314316749573,False
threshold,3,0.9800000190734863,0.9999997485123334,0.994354248046875,False
threshold,3,0.9900000095367432,0.9999998929775086,0.9971771240234375,False
threshold,3,1.0,1.0,0.9999998211860657,False
threshold,4,0.0,0.0,0.0,False
threshold,4,0.009999999776482582,1.0702260686279756e-07,0.009999999776482582,False
threshold,4,0.019999999552965164,2.5148797804627067e-07,0.019999999552965164,False
threshold,4,0.029999999329447746,4.464957642204704e-07,0.029999999329447746,False
threshold,4,0.03999999910593033,7.097286195444562e-07,0.03999999910593033,False
threshold,4,0.05000000074505806,1.0650556621812573e-06,0.05000000074505806,False
threshold,4,0.05999999865889549,1.544696416534764e-06,0.05999999865889549,False
threshold,4,0.07000000029802322,2.1921432221983552e-06,0.07000000029802322,False
threshold,4,0.07999999821186066,3.066103331733067e-06,0.07999999821186066,False
threshold,4,0.09000000357627869,4.245824603833442e-06,0.09000000357627869,False
threshold,4,0.10000000149011612,5.838276221836816e-06,0.10000000149011612,False
threshold,4,0.10999999940395355,7.987852885667366e-06,0.10999999940395355,False
threshold,4,0.11999999731779099,1.0889463039570957e-05,0.11999999731779099,False
threshold,4,0.12999999523162842,1.4806200110778908e-05,0.12999999523162842,False
threshold,4,0.14000000059604645,2.0093197710860283e-05,0.14000000059604645,False
threshold,4,0.15000000596046448,2.7229810470607296e-05,0.15000000596046448,False
threshold,4,0.1599999964237213,3.6863053441298197e-05,0.1599999964237213,False
threshold,4,0.17000000178813934,4.9866295656570054e-05,0.17000000178813934,False
threshold,4,0.18000000715255737,6.74183031707061e-05,0.18000000715255737,False
threshold,4,0.1899999976158142,9.111002082877756e-05,0.1899999976158142,False
threshold,4,0.20000000298023224,0.0001230887600965317,0.20000000298023224,False
threshold,4,0.20999999344348907,0.00016625223150853276,0.20999999344348907,False
threshold,4,0.2199999988079071,0.0002245109973249313,0.2199999988079071,False
threshold,4,0.23000000417232513,0.00030314135123608914,0.23000000417232513,False
threshold,4,0.23999999463558197,0.0004092614472614174,0.23999999463558197,True
threshold,4,0.25,0.0005524730727021605,0.25,True
threshold,4,0.25999999046325684,0.0007457231745652329,0.25999999046325684,True
threshold,4,0.27000001072883606,0.0010064658573371915,0.27000001072883606,True
threshold,4,0.2800000011920929,0.0013582149276824326,0.2800000011920929,True
threshold,4,0.28999999165534973,0.0018326337034634225,0.28999999165534973,True
threshold,4,0.30000001192092896,0.0024723196490766394,0.30000001192092896,True
threshold,4,0.3100000023841858,0.003334503682979207,0.3100000023841858,True
threshold,4,0.3199999928474426,0.004495969048910677,0.3199999928474426,True
threshold,4,0.33000001311302185,0.006059501666011263,0.33000001311302185,True
threshold,4,0.3400000035762787,0.008162271113247351,0.3400000035762787,True
threshold,4,0.3499999940395355,0.010986641507009343,0.3499999940395355,True
threshold,4,0.36000001430511475,0.014773741076342398,0.36000001430511475,True
threshold,4,0.3700000047683716,0.019840014751928335,0.3700000047683716,True
threshold,4,0.3799999952316284,0.02659670024308279,0.3799999952316284,True
threshold,4,0.38999998569488525,0.035570890410354966,0.38999998569488525,True
threshold,4,0.4000000059604645,0.04742560436875276,0.4000000059604645,True
threshold,4,0.4099999964237213,0.06297308235114138,0.4099999964237213,True
threshold,4,0.41999998688697815,0.08317241147894809,0.41999998688697815,True
threshold,4,0.4300000071525574,0.10909660289489638,0.4300000071525574,True
threshold,4,0.4399999976158142,0.14185083707647406,0.4399999976158142,True
threshold,4,0.44999998807907104,0.18242527617380416,0.44999998807907104,True
threshold,4,0.46000000834465027,0.23147509675026032,0.46000000834465027,True
threshold,4,0.4699999988079071,0.2890503609658037,0.4699999988079071,True
threshold,4,0.47999998927116394,0.35434353102327326,0.47999998927116394,True
threshold,4,0.49000000953674316,0.4255575075841781,0.49000000953674316,True
threshold,4,0.5,0.5,0.5,True
threshold,4,0.5099999904632568,0.574442492415822,0.5099999904632568,True
threshold,4,0.5199999809265137,0.6456562644275434,0.5199999809265137,True
threshold,4,0.5299999713897705,0.7109494553024598,0.5299999713897705,True
threshold,4,0.5400000214576721,0.7685250622998444,0.5400000214576721,True
threshold,4,0.550000011920929,0.8175747238261959,0.550000011920929,True
threshold,4,0.5600000023841858,0.858149162923526,0.5600000023841858,True
threshold,4,0.5699999928474426,0.8909033971051036,0.5699999928474426,True
threshold,4,0.5799999833106995,0.9168275203437252,0.5799999833106995,True
threshold,4,0.5899999737739563,0.9370268648918048,0.5899999737739563,True
threshold,4,0.6000000238418579,0.9525744360223436,0.6000000238418579,True
threshold,4,0.6100000143051147,0.9644291095896452,0.6100000143051147,True
threshold,4,0.6200000047683716,0.9734032997569172,0.6200000047683716,True
threshold,4,0.6299999952316284,0.9801599852480718,0.6299999952316284,True
threshold,4,0.6399999856948853,0.9852262589236576,0.6399999856948853,True
threshold,4,0.6499999761581421,0.9890133487778158,0.6499999761581421,True
threshold,4,0.6600000262260437,0.9918377361250922,0.6600000262260437,True
threshold,4,0.6700000166893005,0.9939405037190453,0.6700000166893005,True
threshold,4,0.6800000071525574,0.9955040309510893,0.6800000071525574,True
threshold,4,0.6899999976158142,0.9966654963170208,0.6899999976158142,True
threshold,4,0.699999988079071,0.9975276803509234,0.699999988079071,True
threshold,4,0.7099999785423279,0.9981673646607641,0.7099999785423279,True
threshold,4,0.7200000286102295,0.9986417862852793,0.7200000286102295,True
threshold,4,0.7300000190734863,0.9989935350418803,0.7300000190734863,True
threshold,4,0.7400000095367432,0.9992542768254349,0.7400000095367432,True
threshold,4,0.75,0.9994475269272979,0.75,True
threshold,4,0.7599999904632568,0.9995907383697227,0.7599999904632568,False
threshold,4,0.7699999809265137,0.9996968585131536,0.7699999809265137,False
threshold,4,0.7799999713897705,0.9997754888017183,0.7799999713897705,False
threshold,4,0.7900000214576721,0.9998337478429363,0.7900000214576721,False
threshold,4,0.800000011920929,0.9998769112950585,0.800000011920929,False
threshold,4,0.8100000023841858,0.9999088899791713,0.8100000023841858,False
threshold,4,0.8199999928474426,0.9999325816968295,0.8199999928474426,False
threshold,4,0.8299999833106995,0.999950133681916,0.8299999833106995,False
threshold,4,0.8399999737739563,0.9999631369133283,0.8399999737739563,False
threshold,4,0.8500000238418579,0.9999727702141474,0.8500000238418579,False
threshold,4,0.8600000143051147,0.9999799068114082,0.8600000143051147,False
threshold,4,0.8700000047683716,0.9999851937998891,0.8700000047683716,False
threshold,4,0.8799999952316284,0.9999891105344582,0.8799999952316284,False
threshold,4,0.8899999856948853,0.9999920121434068,0.8899999856948853,False
threshold,4,0.8999999761581421,0.9999941617196582,0.8999999761581421,False
threshold,4,0.9100000262260437,0.9999957541794658,0.9100000262260437,False
threshold,4,0.9200000166893005,0.9999969338981757,0.9200000166893005,False
threshold,4,0.9300000071525574,0.9999978078573362,0.9300000071525574,False
threshold,4,0.9399999976158142,0.9999984553033767,0.9399999976158142,False
threshold,4,0.949999988079071,0.9999989349438781,0.949999988079071,False
threshold,4,0.9599999785423279,0.9999992902706994,0.9599999785423279,False
threshold,4,0.9700000286102295,0.9999995535048665,0.9700000286102295,False
threshold,4,0.9800000190734863,0.9999997485123334,0.9800000190734863,False
threshold,4,0.9900000095367432,0.9999998929775086,0.9900000095367432,False
threshold,4,1.0,1.0,1.0,False
saturating,0,0.0,0.0,0.0,False
saturating,0,0.009999999776482582,0.04910141718276168,0.0025588362477719784,False
saturating,0,0.019999999552965164,0.09580813004388838,0.005117672495543957,False
saturating,0,0.029999999329447746,0.14023692968875107,0.007676508743315935,False
saturating,0,0.03999999910593033,0.1824989112534228,0.010235344991087914,False
saturating,0,0.05000000074505806,0.2226997590027236,0.01279418170452118,False
saturating,0,0.05999999865889549,0.2609399740659077,0.01535301748663187,False
saturating,0,0.07000000029802322,0.29731520542754675,0.01791185513138771,False
saturating,0,0.07999999821186066,0.33191638296779763,0.020470689982175827,False
saturating,0,0.09000000357627869,0.36483006542440904,0.023029528558254242,False
saturating,0,0.10000000149011612,0.3961385050577481,0.02558836340904236,False
saturating,0,0.10999999940395355,0.4259200143828301,0.028147200122475624,False
saturating,0,0.11999999731779099,0.4542490626543854,0.03070603497326374,False
saturating,0,0.12999999523162842,0.4811964872194735,0.03336542099714279,False
saturating,0,0.14000000059604645,0.5068296892724106,0.036125361919403076,False
saturating,0,0.15000000596046448,0.5312127446553317,0.03888529911637306,False
saturating,0,0.1599999964237213,0.5544065900679721,0.04164523631334305,False
saturating,0,0.17000000178813934,0.5764692914047461,0.04440517723560333,False
saturating,0,0.18000000715255737,0.5974559815373499,0.04716511815786362,False
saturating,0,0.1899999976158142,0.6174191091689898,0.049925051629543304,False
saturating,0,0.20000000298023224,0.6364086520778484,0.05268499255180359,False
saturating,0,0.20999999344348907,0.6544720373168152,0.055444926023483276,False
saturating,0,0.2199999988079071,0.6716544866506039,0.05820486694574356,False
saturating,0,0.23000000417232513,0.6879989376035041,0.06096480414271355,False
saturating,0,0.23999999463558197,0.7035462372672523,0.06372474133968353,True
saturating,0,0.25,0.7183353083752138,0.06648468226194382,True
saturating,0,0.25999999046325684,0.7324030871538679,0.09922054409980774,True
saturating,0,0.27000001072883606,0.74578481179544,0.13195651769638062,True
saturating,0,0.2800000011920929,0.7585138637401788,0.16469237208366394,True
saturating,0,0.28999999165534973,0.7706221130733787,0.19742824137210846,True
saturating,0,0.30000001192092896,0.7821398701420524,0.23016420006752014,True
saturating,0,0.3100000023841858,0.7930958666179152,0.26290005445480347,True
saturating,0,0.3199999928474426,0.8035175333374258,0.2956359386444092,True
saturating,0,0.33000001311302185,0.8134309586578707,0.32837188243865967,True
saturating,0,0.3400000035762787,0.822860872158124,0.3611077666282654,True
saturating,0,0.3499999940395355,0.8318308837777849,0.3938436210155487,True
saturating,0,0.36000001430511475,0.8403634479739279,0.4265795946121216,True
saturating,0,0.3700000047683716,0.8484798496922167,0.4593154489994049,True
saturating,0,0.3799999952316284,0.8562004101958661,0.48923054337501526,True
saturating,0,0.38999998569488525,0.8635444348707658,0.5163248181343079,True
saturating,0,0.4000000059604645,0.8705303078722336,0.5434191226959229,True
saturating,0,0.4099999964237213,0.8771754558405889,0.5705134272575378,True
saturating,0,0.41999998688697815,0.8834965164196611,0.5976076722145081,True
saturating,0,0.4300000071525574,0.8895093129984778,0.6247020363807678,True
saturating,0,0.4399999976158142,0.8952288448252748,0.651796281337738,True
saturating,0,0.44999998807907104,0.9006694320527199,0.6788906455039978,True
saturating,0,0.46000000834465027,0.9058446939978817,0.7059849500656128,True
saturating,0,0.4699999988079071,0.9107675406332804,0.733079195022583,True
saturating,0,0.47999998927116394,0.9154502974284672,0.760173499584198,True
saturating,0,0.49000000953674316,0.9199046866382068,0.787267804145813,True
saturating,0,0.5,0.9241418199787564,0.814362108707428,True
saturating,0,0.5099999904632568,0.9281723060800088,0.8217843770980835,True
saturating,0,0.5199999809265137,0.9320062232373766,0.829206645488739,True
saturating,0,0.5299999713897705,0.9356531582224624,0.8366288542747498,True
saturating,0,0.5400000214576721,0.9391222504196083,0.84405118227005,True
saturating,0,0.550000011920929,0.942422132986518,0.8514733910560608,True
saturating,0,0.5600000023841858,0.9455610785312359,0.8588957190513611,True
saturating,0,0.5699999928474426,0.948546936037654,0.866317868232727,True
saturating,0,0.5799999833106995,0.9513871716905582,0.8737400770187378,True
saturating,0,0.5899999737739563,0.9540888875449444,0.8811623454093933,True
saturating,0,0.6000000238418579,0.9566588542231784,0.8885846734046936,True
saturating,0,0.6100000143051147,0.9591034673257129,0.8960070610046387,True
saturating,0,0.6200000047683716,0.9614288553512469,0.9034292697906494,True
saturating,0,0.6299999952316284,0.9636408329699919,0.9083051085472107,True
saturating,0,0.6399999856948853,0.9657449312676103,0.9106347560882568,True
saturating,0,0.6499999761581421,0.9677464115757848,0.9129647016525269,True
saturating,0,0.6600000262260437,0.9696502896948693,0.9152944087982178,True
saturating,0,0.6700000166893005,0.9714613036021552,0.9176241755485535,True
saturating,0,0.6800000071525574,0.97318399340109,0.9199538230895996,True
saturating,0,0.6899999976158142,0.9748226667052617,0.9222834706306458,True
saturating,0,0.699999988079071,0.9763814210436611,0.9246131181716919,True
saturating,0,0.7099999785423279,0.9778641541066168,0.926942765712738,True
saturating,0,0.7200000286102295,0.9792745816903783,0.9292725920677185,True
saturating,0,0.7300000190734863,0.9806162137748102,0.9316022992134094,True
saturating,0,0.7400000095367432,0.98189241375123,0.9339320659637451,True
saturating,0,0.75,0.9831063727782339,0.9362615942955017,True
saturating,0,0.7599999904632568,0.9842611263799209,0.9388089776039124,True
saturating,0,0.7699999809265137,0.9853595620362714,0.9413564205169678,False
saturating,0,0.7799999713897705,0.9864044264033357,0.9439038038253784,False
saturating,0,0.7900000214576721,0.9873983379585684,0.9464514255523682,False
saturating,0,0.800000011920929,0.9883437701430632,0.9489988088607788,False
saturating,0,0.8100000023841858,0.9892430930987078,0.9515460133552551,False
saturating,0,0.8199999928474426,0.9900985555970376,0.9540935158729553,False
saturating,0,0.8299999833106995,0.9909122967358079,0.9566409587860107,False
saturating,0,0.8399999737739563,0.9916863512878429,0.9591882824897766,False
saturating,0,0.8500000238418579,0.9924226590689277,0.9617358446121216,False
saturating,0,0.8600000143051147,0.9931230524492712,0.9642834663391113,False
saturating,0,0.8700000047683716,0.993789287273148,0.9668307900428772,False
saturating,0,0.8799999952316284,0.9944230294714657,0.969380259513855,False
saturating,0,0.8899999856948853,0.9950258637267988,0.9719318151473999,False
saturating,0,0.8999999761581421,0.995599297435912,0.9744835495948792,False
saturating,0,0.9100000262260437,0.9961447676496669,0.9770351648330688,False
saturating,0,0.9200000166893005,0.9966636318212848,0.979586660861969,False
saturating,0,0.9300000071525574,0.9971571907121817,0.982138454914093,False
saturating,0,0.9399999976158142,0.9976266784743136,0.9846899509429932,False
saturating,0,0.949999988079071,0.9980732690693916,0.9872416257858276,False
saturating,0,0.9599999785423279,0.9984980792043917,0.9897933006286621,False
saturating,0,0.9700000286102295,0.9989021734727632,0.9923451542854309,False
saturating,0,0.9800000190734863,0.9992865575005746,0.9948970079421997,False
saturating,0,0.9900000095367432,0.9996521949155717,0.9974484443664551,False
saturating,0,1.0,1.0,1.000000238418579,False
saturating,1,0.0,0.0,0.0,False
saturating,1,0.009999999776482582,0.04910141718276168,0.009021187201142311,False
saturating,1,0.019999999552965164,0.09580813004388838,0.018042374402284622,False
saturating,1,0.029999999329447746,0.14023692968875107,0.027063561603426933,False
saturating,1,0.03999999910593033,0.1824989112534228,0.036084748804569244,False
saturating,1,0.05000000074505806,0.2226997590027236,0.045105937868356705,False
saturating,1,0.05999999865889549,0.2609399740659077,0.05412712320685387,False
saturating,1,0.07000000029802322,0.29731520542754675,0.06314831227064133,False
saturating,1,0.07999999821186066,0.33191638296779763,0.07216949760913849,False
saturating,1,0.09000000357627869,0.36483006542440904,0.08119069039821625,False
saturating,1,0.10000000149011612,0.3961385050577481,0.09021187573671341,False
saturating,1,0.10999999940395355,0.4259200143828301,0.09923306107521057,False
saturating,1,0.11999999731779099,0.4542490626543854,0.10825424641370773,False
saturating,1,0.12999999523162842,0.4811964872194735,0.11727438122034073,False
saturating,1,0.14000000059604645,0.5068296892724106,0.12629346549510956,False
saturating,1,0.15000000596046448,0.5312127446553317,0.1353125423192978,False
saturating,1,0.1599999964237213,0.5544065900679721,0.14433161914348602,False
saturating,1,0.17000000178813934,0.5764692914047461,0.15335071086883545,False
saturating,1,0.18000000715255737,0.5974559815373499,0.16236978769302368,False
saturating,1,0.1899999976158142,0.6174191091689898,0.17138886451721191,False
saturating,1,0.20000000298023224,0.6364086520778484,0.18040794134140015,False
saturating,1,0.20999999344348907,0.6544720373168152,0.18942701816558838,False
saturating,1,0.2199999988079071,0.6716544866506039,0.1984460949897766,False
saturating,1,0.23000000417232513,0.6879989376035041,0.20746518671512604,False
saturating,1,0.23999999463558197,0.7035462372672523,0.21648424863815308,True
saturating,1,0.25,0.7183353083752138,0.2255033403635025,True
saturating,1,0.25999999046325684,0.7324030871538679,0.23713824152946472,True
saturating,1,0.27000001072883606,0.74578481179544,0.24877315759658813,True
saturating,1,0.2800000011920929,0.7585138637401788,0.26040807366371155,True
saturating,1,0.28999999165534973,0.7706221130733787,0.2720429599285126,True
saturating,1,0.30000001192092896,0.7821398701420524,0.283677875995636,True
saturating,1,0.3100000023841858,0.7930958666179152,0.295312762260437,True
saturating,1,0.3199999928474426,0.8035175333374258,0.3069476783275604,True
saturating,1,0.33000001311302185,0.8134309586578707,0.31858259439468384,True
saturating,1,0.3400000035762787,0.822860872158124,0.33021751046180725,True
saturating,1,0.3499999940395355,0.8318308837777849,0.34185242652893066,True
saturating,1,0.36000001430511475,0.8403634479739279,0.3534873127937317,True
saturating,1,0.3700000047683716,0.8484798496922167,0.3651221990585327,True
saturating,1,0.3799999952316284,0.8562004101958661,0.37675759196281433,True
saturating,1,0.38999998569488525,0.8635444348707658,0.388393372297287,True
saturating,1,0.4000000059604645,0.8705303078722336,0.40002918243408203,True
saturating,1,0.4099999964237213,0.8771754558405889,0.4116649627685547,True
saturating,1,0.41999998688697815,0.8834965164196611,0.42330077290534973,True
saturating,1,0.4300000071525574,0.8895093129984778,0.4349365532398224,True
saturating,1,0.4399999976158142,0.8952288448252748,0.44657236337661743,True
saturating,1,0.44999998807907104,0.9006694320527199,0.4582081735134125,True
saturating,1,0.46000000834465027,0.9058446939978817,0.4698439836502075,True
saturating,1,0.4699999988079071,0.9107675406332804,0.48147979378700256,True
saturating,1,0.47999998927116394,0.9154502974284672,0.49311554431915283,True
saturating,1,0.49000000953674316,0.9199046866382068,0.5047513246536255,True
saturating,1,0.5,0.9241418199787564,0.5163871645927429,True
saturating,1,0.5099999904632568,0.9281723060800088,0.5280210375785828,True
saturating,1,0.5199999809265137,0.9320062232373766,0.5396548509597778,True
saturating,1,0.5299999713897705,0.9356531582224624,0.5512887835502625,True
saturating,1,0.5400000214576721,0.9391222504196083,0.5629227161407471,True
saturating,1,0.550000011920929,0.942422132986518,0.5745564699172974,True
saturating,1,0.5600000023841858,0.9455610785312359,0.586190402507782,True
saturating,1,0.5699999928474426,0.948546936037654,0.597824215888977,True
saturating,1,0.5799999833106995,0.9513871716905582,0.6094580888748169,True
saturating,1,0.5899999737739563,0.9540888875449444,0.6210920214653015,True
saturating,1,0.6000000238418579,0.9566588542231784,0.6327258944511414,True
saturating,1,0.6100000143051147,0.9591034673257129,0.6443597078323364,True
saturating,1,0.6200000047683716,0.9614288553512469,0.655993640422821,True
saturating,1,0.6299999952316284,0.9636408329699919,0.6663169264793396,True
saturating,1,0.6399999856948853,0.9657449312676103,0.6753295660018921,True
saturating,1,0.6499999761581421,0.9677464115757848,0.6843422651290894,True
saturating,1,0.6600000262260437,0.9696502896948693,0.6933549046516418,True
saturating,1,0.6700000166893005,0.9714613036021552,0.7023676633834839,True
saturating,1,0.6800000071525574,0.97318399340109,0.7113802433013916,True
saturating,1,0.6899999976158142,0.9748226667052617,0.7203929424285889,True
saturating,1,0.699999988079071,0.9763814210436611,0.7294056415557861,True
saturating,1,0.7099999785423279,0.9778641541066168,0.7384182214736938,True
saturating,1,0.7200000286102295,0.9792745816903783,0.7474309802055359,True
saturating,1,0.7300000190734863,0.9806162137748102,0.7564436793327332,True
saturating,1,0.7400000095367432,0.98189241375123,0.7654561996459961,True
saturating,1,0.75,0.9831063727782339,0.7744690179824829,True
saturating,1,0.7599999904632568,0.9842611263799209,0.783490002155304,True
saturating,1,0.7699999809265137,0.9853595620362714,0.7925108075141907,False
saturating,1,0.7799999713897705,0.9864044264033357,0.8015318512916565,False
saturating,1,0.7900000214576721,0.9873983379585684,0.8105528950691223,False
saturating,1,0.800000011920929,0.9883437701430632,0.8195737600326538,False
saturating,1,0.8100000023841858,0.9892430930987078,0.8285946846008301,False
saturating,1,0.8199999928474426,0.9900985555970376,0.8376156687736511,False
saturating,1,0.8299999833106995,0.9909122967358079,0.8466365933418274,False
saturating,1,0.8399999737739563,0.9916863512878429,0.8556575775146484,False
saturating,1,0.8500000238418579,0.9924226590689277,0.8646785020828247,False
saturating,1,0.8600000143051147,0.9931230524492712,0.8736994862556458,False
saturating,1,0.8700000047683716,0.993789287273148,0.8827204704284668,False
saturating,1,0.8799999952316284,0.9944230294714657,0.8917416930198669,False
saturating,1,0.8899999856948853,0.9950258637267988,0.900763213634491,False
saturating,1,0.8999999761581421,0.995599297435912,0.9097847938537598,False
saturating,1,0.9100000262260437,0.9961447676496669,0.918806254863739,False
saturating,1,0.9200000166893005,0.9966636318212848,0.927827775478363,False
saturating,1,0.9300000071525574,0.9971571907121817,0.9368493556976318,False
saturating,1,0.9399999976158142,0.9976266784743136,0.9458709359169006,False
saturating,1,0.949999988079071,0.9980732690693916,0.9548923969268799,False
saturating,1,0.9599999785423279,0.9984980792043917,0.9639138579368591,False
saturating,1,0.9700000286102295,0.9989021734727632,0.9729354381561279,False
saturating,1,0.9800000190734863,0.9992865575005746,0.9819568991661072,False
saturating,1,0.9900000095367432,0.9996521949155717,0.990978479385376,False
saturating,1,1.0,1.0,0.9999999403953552,False
saturating,2,0.0,0.0,0.0,False
saturating,2,0.009999999776482582,0.04910141718276168,0.009999999776482582,False
saturating,2,0.019999999552965164,0.09580813004388838,0.019999999552965164,False
saturating,2,0.029999999329447746,0.14023692968875107,0.029999999329447746,False
saturating,2,0.03999999910593033,0.1824989112534228,0.03999999910593033,False
saturating,2,0.05000000074505806,0.2226997590027236,0.05000000074505806,False
saturating,2,0.05999999865889549,0.2609399740659077,0.05999999865889549,False
saturating,2,0.07000000029802322,0.29731520542754675,0.07000000029802322,False
saturating,2,0.07999999821186066,0.33191638296779763,0.07999999821186066,False
saturating,2,0.09000000357627869,0.36483006542440904,0.09000000357627869,False
saturating,2,0.10000000149011612,0.3961385050577481,0.10000000149011612,False
saturating,2,0.10999999940395355,0.4259200143828301,0.10999999940395355,False
saturating,2,0.11999999731779099,0.4542490626543854,0.11999999731779099,False
saturating,2,0.12999999523162842,0.4811964872194735,0.12999999523162842,False
saturating,2,0.14000000059604645,0.5068296892724106,0.14000000059604645,False
saturating,2,0.15000000596046448,0.5312127446553317,0.15000000596046448,False
saturating,2,0.1599999964237213,0.5544065900679721,0.1599999964237213,False
saturating,2,0.17000000178813934,0.5764692914047461,0.17000000178813934,False
saturating,2,0.18000000715255737,0.5974559815373499,0.18000000715255737,False
saturating,2,0.1899999976158142,0.6174191091689898,0.1899999976158142,False
saturating,2,0.20000000298023224,0.6364086520778484,0.20000000298023224,False
saturating,2,0.20999999344348907,0.6544720373168152,0.20999999344348907,False
saturating,2,0.2199999988079071,0.6716544866506039,0.2199999988079071,False
saturating,2,0.23000000417232513,0.6879989376035041,0.23000000417232513,False
saturating,2,0.23999999463558197,0.7035462372672523,0.23999999463558197,True
saturating,2,0.25,0.7183353083752138,0.25,True
saturating,2,0.25999999046325684,0.7324030871538679,0.25999999046325684,True
saturating,2,0.27000001072883606,0.74578481179544,0.27000001072883606,True
saturating,2,0.2800000011920929,0.7585138637401788,0.2800000011920929,True
saturating,2,0.28999999165534973,0.7706221130733787,0.28999999165534973,True
saturating,2,0.30000001192092896,0.7821398701420524,0.30000001192092896,True
saturating,2,0.3100000023841858,0.7930958666179152,0.3100000023841858,True
saturating,2,0.3199999928474426,0.8035175333374258,0.3199999928474426,True
saturating,2,0.33000001311302185,0.8134309586578707,0.33000001311302185,True
saturating,2,0.3400000035762787,0.822860872158124,0.3400000035762787,True
saturating,2,0.3499999940395355,0.8318308837777849,0.3499999940395355,True
saturating,2,0.36000001430511475,0.8403634479739279,0.36000001430511475,True
saturating,2,0.3700000047683716,0.8484798496922167,0.3700000047683716,True
saturating,2,0.3799999952316284,0.8562004101958661,0.3799999952316284,True
saturating,2,0.38999998569488525,0.8635444348707658,0.38999998569488525,True
saturating,2,0.4000000059604645,0.8705303078722336,0.4000000059604645,True
saturating,2,0.4099999964237213,0.8771754558405889,0.4099999964237213,True
saturating,2,0.41999998688697815,0.8834965164196611,0.41999998688697815,True
saturating,2,0.4300000071525574,0.8895093129984778,0.4300000071525574,True
saturating,2,0.4399999976158142,0.8952288448252748,0.4399999976158142,True
saturating,2,0.44999998807907104,0.9006694320527199,0.44999998807907104,True
saturating,2,0.46000000834465027,0.9058446939978817,0.46000000834465027,True
saturating,2,0.4699999988079071,0.9107675406332804,0.4699999988079071,True
saturating,2,0.47999998927116394,0.9154502974284672,0.47999998927116394,True
saturating,2,0.49000000953674316,0.9199046866382068,0.49000000953674316,True
saturating,2,0.5,0.9241418199787564,0.5,True
saturating,2,0.5099999904632568,0.9281723060800088,0.5099999904632568,True
saturating,2,0.5199999809265137,0.9320062232373766,0.5199999809265137,True
saturating,2,0.5299999713897705,0.9356531582224624,0.5299999713897705,True
saturating,2,0.5400000214576721,0.9391222504196083,0.5400000214576721,True
saturating,2,0.550000011920929,0.942422132986518,0.550000011920929,True
saturating,2,0.5600000023841858,0.9455610785312359,0.5600000023841858,True
saturating,2,0.5699999928474426,0.948546936037654,0.5699999928474426,True
saturating,2,0.5799999833106995,0.9513871716905582,0.5799999833106995,True
saturating,2,0.5899999737739563,0.9540888875449444,0.5899999737739563,True
saturating,2,0.6000000238418579,0.9566588542231784,0.6000000238418579,True
saturating,2,0.6100000143051147,0.9591034673257129,0.6100000143051147,True
saturating,2,0.6200000047683716,0.9614288553512469,0.6200000047683716,True
saturating,2,0.6299999952316284,0.9636408329699919,0.6299999952316284,True
saturating,2,0.6399999856948853,0.9657449312676103,0.6399999856948853,True
saturating,2,0.6499999761581421,0.9677464115757848,0.6499999761581421,True
saturating,2,0.6600000262260437,0.9696502896948693,0.6600000262260437,True
saturating,2,0.6700000166893005,0.9714613036021552,0.6700000166893005,True
saturating,2,0.6800000071525574,0.97318399340109,0.6800000071525574,True
saturating,2,0.6899999976158142,0.9748226667052617,0.6899999976158142,True
saturating,2,0.699999988079071,0.9763814210436611,0.699999988079071,True
saturating,2,0.7099999785423279,0.9778641541066168,0.7099999785423279,True
saturating,2,0.7200000286102295,0.9792745816903783,0.7200000286102295,True
saturating,2,0.7300000190734863,0.9806162137748102,0.7300000190734863,True
saturating,2,0.7400000095367432,0.98189241375123,0.7400000095367432,True
saturating,2,0.75,0.9831063727782339,0.75,True
saturating,2,0.7599999904632568,0.9842611263799209,0.7599999904632568,True
saturating,2,0.7699999809265137,0.9853595620362714,0.7699999809265137,False
saturating,2,0.7799999713897705,0.9864044264033357,0.7799999713897705,False
saturating,2,0.7900000214576721,0.9873983379585684,0.7900000214576721,False
saturating,2,0.800000011920929,0.9883437701430632,0.800000011920929,False
saturating,2,0.8100000023841858,0.9892430930987078,0.8100000023841858,False
saturating,2,0.8199999928474426,0.9900985555970376,0.8199999928474426,False
saturating,2,0.8299999833106995,0.9909122967358079,0.8299999833106995,False
saturating,2,0.8399999737739563,0.9916863512878429,0.8399999737739563,False
saturating,2,0.8500000238418579,0.9924226590689277,0.8500000238418579,False
saturating,2,0.8600000143051147,0.9931230524492712,0.8600000143051147,False
saturating,2,0.8700000047683716,0.993789287273148,0.8700000047683716,False
saturating,2,0.8799999952316284,0.9944230294714657,0.8799999952316284,False
saturating,2,0.8899999856948853,0.9950258637267988,0.8899999856948853,False
saturating,2,0.8999999761581421,0.995599297435912,0.8999999761581421,False
saturating,2,0.9100000262260437,0.9961447676496669,0.9100000262260437,False
saturating,2,0.9200000166893005,0.9966636318212848,0.9200000166893005,False
saturating,2,0.9300000071525574,0.9971571907121817,0.9300000071525574,False
saturating,2,0.9399999976158142,0.9976266784743136,0.9399999976158142,False
saturating,2,0.949999988079071,0.9980732690693916,0.949999988079071,False
saturating,2,0.9599999785423279,0.9984980792043917,0.9599999785423279,False
saturating,2,0.9700000286102295,0.9989021734727632,0.9700000286102295,False
saturating,2,0.9800000190734863,0.9992865575005746,0.9800000190734863,False
saturating,2,0.9900000095367432,0.9996521949155717,0.9900000095367432,False
saturating,2,1.0,1.0,1.0,False
saturating,3,0.0,0.0,0.0,False
saturating,3,0.009999999776482582,0.04910141718276168,0.0026360871270298958,False
saturating,3,0.019999999552965164,0.09580813004388838,0.0052721742540597916,False
saturating,3,0.029999999329447746,0.14023692968875107,0.007908261381089687,False
saturating,3,0.03999999910593033,0.1824989112534228,0.010544348508119583,False
saturating,3,0.05000000074505806,0.2226997590027236,0.013180436566472054,False
saturating,3,0.05999999865889549,0.2609399740659077,0.015816522762179375,False
saturating,3,0.07000000029802322,0.29731520542754675,0.018452610820531845,False
saturating,3,0.07999999821186066,0.33191638296779763,0.021088697016239166,False
saturating,3,0.09000000357627869,0.36483006542440904,0.023724786937236786,False
saturating,3,0.10000000149011612,0.3961385050577481,0.026360873132944107,False
saturating,3,0.10999999940395355,0.4259200143828301,0.028996959328651428,False
saturating,3,0.11999999731779099,0.4542490626543854,0.03163304552435875,False
saturating,3,0.12999999523162842,0.4811964872194735,0.03440527990460396,False
saturating,3,0.14000000059604645,0.5068296892724106,0.03731367364525795,False
saturating,3,0.15000000596046448,0.5312127446553317,0.04022206366062164,False
saturating,3,0.1599999964237213,0.5544065900679721,0.04313044622540474,False
saturating,3,0.17000000178813934,0.5764692914047461,0.04603883624076843,False
saturating,3,0.18000000715255737,0.5974559815373499,0.048947226256132126,False
saturating,3,0.1899999976158142,0.6174191091689898,0.05185560882091522,False
saturating,3,0.20000000298023224,0.6364086520778484,0.054763998836278915,False
saturating,3,0.20999999344348907,0.6544720373168152,0.05767238140106201,False
saturating,3,0.2199999988079071,0.6716544866506039,0.060580771416425705,False
saturating,3,0.23000000417232513,0.6879989376035041,0.0634891614317894,False
saturating,3,0.23999999463558197,0.7035462372672523,0.0663975402712822,True
saturating,3,0.25,0.7183353083752138,0.06930593401193619,True
saturating,3,0.25999999046325684,0.7324030871538679,0.10011664777994156,True
saturating,3,0.27000001072883606,0.74578481179544,0.1309274584054947,True
saturating,3,0.2800000011920929,0.7585138637401788,0.16173817217350006,True
saturating,3,0.28999999165534973,0.7706221130733787,0.19254887104034424,True
saturating,3,0.30000001192092896,0.7821398701420524,0.22335968911647797,True
saturating,3,0.3100000023841858,0.7930958666179152,0.25417041778564453,True
saturating,3,0.3199999928474426,0.8035175333374258,0.2849811017513275,True
saturating,3,0.33000001311302185,0.8134309586578707,0.31579190492630005,True
saturating,3,0.3400000035762787,0.822860872158124,0.3466026186943054,True
saturating,3,0.3499999940395355,0.8318308837777849,0.3774133324623108,True
saturating,3,0.36000001430511475,0.8403634479739279,0.4082241654396057,True
saturating,3,0.3700000047683716,0.8484798496922167,0.4390348792076111,True
saturating,3,0.3799999952316284,0.8562004101958661,0.46753087639808655,True
saturating,3,0.38999998569488525,0.8635444348707658,0.4937121868133545,True
saturating,3,0.4000000059604645,0.8705303078722336,0.5198936462402344,True
saturating,3,0.4099999964237213,0.8771754558405889,0.5460749864578247,True
saturating,3,0.41999998688697815,0.8834965164196611,0.572256326675415,True
saturating,3,0.4300000071525574,0.8895093129984778,0.5984377264976501,True
saturating,3,0.4399999976158142,0.8952288448252748,0.6246191263198853,True
saturating,3,0.44999998807907104,0.9006694320527199,0.6508004665374756,True
saturating,3,0.46000000834465027,0.9058446939978817,0.6769818663597107,True
saturating,3,0.4699999988079071,0.9107675406332804,0.703163206577301,True
saturating,3,0.47999998927116394,0.9154502974284672,0.7293445467948914,True
saturating,3,0.49000000953674316,0.9199046866382068,0.7555259466171265,True
saturating,3,0.5,0.9241418199787564,0.7817072868347168,True
saturating,3,0.5099999904632568,0.9281723060800088,0.7917772531509399,True
saturating,3,0.5199999809265137,0.9320062232373766,0.8018472790718079,True
saturating,3,0.5299999713897705,0.9356531582224624,0.8119171857833862,True
saturating,3,0.5400000214576721,0.9391222504196083,0.8219872713088989,True
saturating,3,0.550000011920929,0.942422132986518,0.8320572376251221,True
saturating,3,0.5600000023841858,0.9455610785312359,0.8421272039413452,True
saturating,3,0.5699999928474426,0.948546936037654,0.8521971702575684,True
saturating,3,0.5799999833106995,0.9513871716905582,0.8622671365737915,True
saturating,3,0.5899999737739563,0.9540888875449444,0.8723371624946594,True
saturating,3,0.6000000238418579,0.9566588542231784,0.8824071288108826,True
saturating,3,0.6100000143051147,0.9591034673257129,0.8924771547317505,True
saturating,3,0.6200000047683716,0.9614288553512469,0.9025470018386841,True
saturating,3,0.6299999952316284,0.9636408329699919,0.9087168574333191,True
saturating,3,0.6399999856948853,0.9657449312676103,0.9109865427017212,True
saturating,3,0.6499999761581421,0.9677464115757848,0.9132559895515442,True
saturating,3,0.6600000262260437,0.9696502896948693,0.915525496006012,True
saturating,3,0.6700000166893005,0.9714613036021552,0.9177950620651245,True
saturating,3,0.6800000071525574,0.97318399340109,0.9200645685195923,True
saturating,3,0.6899999976158142,0.9748226667052617,0.9223340153694153,True
saturating,3,0.699999988079071,0.9763814210436611,0.9246037006378174,True
saturating,3,0.7099999785423279,0.9778641541066168,0.9268732666969299,True
saturating,3,0.7200000286102295,0.9792745816903783,0.9291430115699768,True
saturating,3,0.7300000190734863,0.9806162137748102,0.9314124584197998,True
saturating,3,0.7400000095367432,0.98189241375123,0.933681845664978,True
saturating,3,0.75,0.9831063727782339,0.9359515309333801,True
saturating,3,0.7599999904632568,0.9842611263799209,0.9384697675704956,True
saturating,3,0.7699999809265137,0.9853595620362714,0.9409877061843872,False
saturating,3,0.7799999713897705,0.9864044264033357,0.9435057044029236,False
saturating,3,0.7900000214576721,0.9873983379585684,0.9460240006446838,False
saturating,3,0.800000011920929,0.9883437701430632,0.9485421180725098,False
saturating,3,0.8100000023841858,0.9892430930987078,0.9510602355003357,False
saturating,3,0.8199999928474426,0.9900985555970376,0.9535784125328064,False
saturating,3,0.8299999833106995,0.9909122967358079,0.9560964703559875,False
saturating,3,0.8399999737739563,0.9916863512878429,0.9586145877838135,False
saturating,3,0.8500000238418579,0.9924226590689277,0.9611327648162842,False
saturating,3,0.8600000143051147,0.9931230524492712,0.9636507630348206,False
saturating,3,0.8700000047683716,0.993789287273148,0.9661688208580017,False
saturating,3,0.8799999952316284,0.9944230294714657,0.9687308073043823,False
saturating,3,0.8899999856948853,0.9950258637267988,0.9713366627693176,False
saturating,3,0.8999999761581421,0.995599297435912,0.9739422798156738,False
saturating,3,0.9100000262260437,0.9961447676496669,0.9765481352806091,False
saturating,3,0.9200000166893005,0.9966636318212848,0.9791539907455444,False
saturating,3,0.9300000071525574,0.9971571907121817,0.9817598462104797,False
saturating,3,0.9399999976158142,0.9976266784743136,0.9843655228614807,False
saturating,3,0.949999988079071,0.9980732690693916,0.9869714379310608,False
saturating,3,0.9599999785423279,0.9984980792043917,0.9895769953727722,False
saturating,3,0.9700000286102295,0.9989021734727632,0.992182731628418,False
saturating,3,0.9800000190734863,0.9992865575005746,0.994788408279419,False
saturating,3,0.9900000095367432,0.9996521949155717,0.9973942637443542,False
saturating,3,1.0,1.0,1.0000001192092896,False
saturating,4,0.0,0.0,0.0,False
saturating,4,0.009999999776482582,0.04910141718276168,0.009982348419725895,False
saturating,4,0.019999999552965164,0.09580813004388838,0.01996469683945179,False
saturating,4,0.029999999329447746,0.14023692968875107,0.02994704619050026,False
saturating,4,0.03999999910593033,0.1824989112534228,0.03992939367890358,False
saturating,4,0.05000000074505806,0.2226997590027236,0.0499117448925972,False
saturating,4,0.05999999865889549,0.2609399740659077,0.05989409238100052,False
saturating,4,0.07000000029802322,0.29731520542754675,0.06987643986940384,False
saturating,4,0.07999999821186066,0.33191638296779763,0.07985878735780716,False
saturating,4,0.09000000357627869,0.36483006542440904,0.08984114229679108,False
saturating,4,0.10000000149011612,0.3961385050577481,0.0998234897851944,False
saturating,4,0.10999999940395355,0.4259200143828301,0.10980583727359772,False
saturating,4,0.11999999731779099,0.4542490626543854,0.11978818476200104,False
saturating,4,0.12999999523162842,0.4811964872194735,0.12977053225040436,False
saturating,4,0.14000000059604645,0.5068296892724106,0.13975289463996887,False
saturating,4,0.15000000596046448,0.5312127446553317,0.1497352570295334,False
saturating,4,0.1599999964237213,0.5544065900679721,0.1597176045179367,False
saturating,4,0.17000000178813934,0.5764692914047461,0.16969996690750122,False
saturating,4,0.18000000715255737,0.5974559815373499,0.17968232929706573,False
saturating,4,0.1899999976158142,0.6174191091689898,0.18966467678546906,False
saturating,4,0.20000000298023224,0.6364086520778484,0.19964703917503357,False
saturating,4,0.20999999344348907,0.6544720373168152,0.2096293866634369,False
saturating,4,0.2199999988079071,0.6716544866506039,0.2196117490530014,False
saturating,4,0.23000000417232513,0.6879989376035041,0.22959411144256592,False
saturating,4,0.23999999463558197,0.7035462372672523,0.23957645893096924,True
saturating,4,0.25,0.7183353083752138,0.24955882132053375,True
saturating,4,0.25999999046325684,0.7324030871538679,0.25958821177482605,True
saturating,4,0.27000001072883606,0.74578481179544,0.26961761713027954,True
saturating,4,0.2800000011920929,0.7585138637401788,0.27964699268341064,True
saturating,4,0.28999999165534973,0.7706221130733787,0.28967639803886414,True
saturating,4,0.30000001192092896,0.7821398701420524,0.29970583319664,True
saturating,4,0.3100000023841858,0.7930958666179152,0.30973517894744873,True
saturating,4,0.3199999928474426,0.8035175333374258,0.3197645843029022,True
saturating,4,0.33000001311302185,0.8134309586578707,0.3297940194606781,True
saturating,4,0.3400000035762787,0.822860872158124,0.3398233652114868,True
saturating,4,0.3499999940395355,0.8318308837777849,0.3498527705669403,True
saturating,4,0.36000001430511475,0.8403634479739279,0.3598822057247162,True
saturating,4,0.3700000047683716,0.8484798496922167,0.3699115812778473,True
saturating,4,0.3799999952316284,0.8562004101958661,0.3799409568309784,True
saturating,4,0.38999998569488525,0.8635444348707658,0.3899703323841095,True
saturating,4,0.4000000059604645,0.8705303078722336,0.39999979734420776,True
saturating,4,0.4099999964237213,0.8771754558405889,0.41002920269966125,True
saturating,4,0.41999998688697815,0.8834965164196611,0.42005854845046997,True
saturating,4,0.4300000071525574,0.8895093129984778,0.43008798360824585,True
saturating,4,0.4399999976158142,0.8952288448252748,0.44011738896369934,True
saturating,4,0.44999998807907104,0.9006694320527199,0.45014673471450806,True
saturating,4,0.46000000834465027,0.9058446939978817,0.4601761996746063,True
saturating,4,0.4699999988079071,0.9107675406332804,0.4702056050300598,True
saturating,4,0.47999998927116394,0.9154502974284672,0.4802349805831909,True
saturating,4,0.49000000953674316,0.9199046866382068,0.4902643859386444,True
saturating,4,0.5,0.9241418199787564,0.5002937912940979,True
saturating,4,0.5099999904632568,0.9281723060800088,0.510323166847229,True
saturating,4,0.5199999809265137,0.9320062232373766,0.5203526020050049,True
saturating,4,0.5299999713897705,0.9356531582224624,0.5303820371627808,True
saturating,4,0.5400000214576721,0.9391222504196083,0.5404114127159119,True
saturating,4,0.550000011920929,0.942422132986518,0.550440788269043,True
saturating,4,0.5600000023841858,0.9455610785312359,0.5604702234268188,True
saturating,4,0.5699999928474426,0.948546936037654,0.5704995393753052,True
saturating,4,0.5799999833106995,0.9513871716905582,0.5805289149284363,True
saturating,4,0.5899999737739563,0.9540888875449444,0.5905583500862122,True
saturating,4,0.6000000238418579,0.9566588542231784,0.600587785243988,True
saturating,4,0.6100000143051147,0.9591034673257129,0.6106171011924744,True
saturating,4,0.6200000047683716,0.9614288553512469,0.6206465363502502,True
saturating,4,0.6299999952316284,0.9636408329699919,0.6306524872779846,True
saturating,4,0.6399999856948853,0.9657449312676103,0.6406348347663879,True
saturating,4,0.6499999761581421,0.9677464115757848,0.650617241859436,True
saturating,4,0.6600000262260437,0.9696502896948693,0.6605996489524841,True
saturating,4,0.6700000166893005,0.9714613036021552,0.6705821752548218,True
saturating,4,0.6800000071525574,0.97318399340109,0.6805644631385803,True
saturating,4,0.6899999976158142,0.9748226667052617,0.6905468106269836,True
saturating,4,0.699999988079071,0.9763814210436611,0.700529158115387,True
saturating,4,0.7099999785423279,0.9778641541066168,0.7105115652084351,True
saturating,4,0.7200000286102295,0.9792745816903783,0.7204939723014832,True
saturating,4,0.7300000190734863,0.9806162137748102,0.7304764986038208,True
saturating,4,0.7400000095367432,0.98189241375123,0.7404589056968689,True
saturating,4,0.75,0.9831063727782339,0.750441312789917,True
saturating,4,0.7599999904632568,0.9842611263799209,0.7604236006736755,False
saturating,4,0.7699999809265137,0.9853595620362714,0.7704058885574341,False
saturating,4,0.7799999713897705,0.9864044264033357,0.7803882956504822,False
saturating,4,0.7900000214576721,0.9873983379585684,0.7903706431388855,False
saturating,4,0.800000011920929,0.9883437701430632,0.8003530502319336,False
saturating,4,0.8100000023841858,0.9892430930987078,0.8103353977203369,False
saturating,4,0.8199999928474426,0.9900985555970376,0.8203176856040955,False
saturating,4,0.8299999833106995,0.9909122967358079,0.830299973487854,False
saturating,4,0.8399999737739563,0.9916863512878429,0.8402823805809021,False
saturating,4,0.8500000238418579,0.9924226590689277,0.8502647280693054,False
saturating,4,0.8600000143051147,0.9931230524492712,0.8602470755577087,False
saturating,4,0.8700000047683716,0.993789287273148,0.8702293634414673,False
saturating,4,0.8799999952316284,0.9944230294714657,0.8802118301391602,False
saturating,4,0.8899999856948853,0.9950258637267988,0.8901941776275635,False
saturating,4,0.8999999761581421,0.995599297435912,0.900176465511322,False
saturating,4,0.9100000262260437,0.9961447676496669,0.9101588129997253,False
saturating,4,0.9200000166893005,0.9966636318212848,0.9201411604881287,False
saturating,4,0.9300000071525574,0.9971571907121817,0.930123507976532,False
saturating,4,0.9399999976158142,0.9976266784743136,0.9401058554649353,False
saturating,4,0.949999988079071,0.9980732690693916,0.9500882625579834,False
saturating,4,0.9599999785423279,0.9984980792043917,0.9600706696510315,False
saturating,4,0.9700000286102295,0.9989021734727632,0.97005295753479,False
saturating,4,0.9800000190734863,0.9992865575005746,0.9800353050231934,False
saturating,4,0.9900000095367432,0.9996521949155717,0.9900175929069519,False
saturating,4,1.0,1.0,0.9999999403953552,False
